Data,Brent USD/b,PLN/USD,Eurodiesel
2023-12-29,77.04,3.935,5009.0
2023-12-28,78.39,3.899,5049.0
2023-12-22,79.07,3.9338,5090.0
2023-12-21,79.39,3.9645,5082.0
2023-12-20,79.7,3.9527,5039.0
2023-12-19,79.23,3.9591,4991.0
2023-12-15,76.55,3.9326,4944.0
2023-12-14,76.61,3.9484,4944.0
2023-12-13,74.26,4.0149,4970.0
2023-12-12,73.24,4.0204,5006.0
2023-12-08,75.84,4.0181,5007.0
2023-12-07,74.05,4.0199,5030.0
2023-12-06,74.3,4.0202,5054.0
2023-12-05,77.2,3.991,5055.0
2023-12-01,78.88,3.991,5135.0
2023-11-30,82.83,3.981,5160.0
2023-11-29,83.1,3.9478,5172.0
2023-11-28,81.68,3.975,5150.0
2023-11-24,80.58,4.0103,5211.0
2023-11-23,81.42,3.9969,5199.0
2023-11-22,81.96,4.018,5195.0
2023-11-21,82.45,3.9882,5187.0
2023-11-17,80.61,4.0327,5202.0
2023-11-16,77.42,4.0415,5246.0
2023-11-15,81.18,4.0453,5276.0
2023-11-14,82.47,4.121,5273.0
2023-11-10,81.43,4.1423,5303.0
2023-11-09,80.01,4.1513,5347.0
2023-11-08,79.54,4.1804,5376.0
2023-11-07,81.61,4.1667,5390.0
2023-11-03,84.89,4.1857,5279.0
2023-10-31,87.41,4.1684,5171.0
2023-10-27,90.48,4.2267,5064.0
2023-10-26,87.93,4.2395,5010.0
2023-10-25,90.13,4.2284,4951.0
2023-10-24,88.07,4.1884,4904.0
2023-10-20,92.16,4.2194,4821.0
2023-10-19,92.38,4.2264,4791.0
2023-10-18,91.5,4.2035,4779.0
2023-10-17,89.9,4.2131,4779.0
2023-10-13,90.89,4.3033,4758.0
2023-10-12,86.0,4.2659,4758.0
2023-10-11,85.82,4.2589,4758.0
2023-10-10,87.65,4.2985,4753.0
2023-10-06,84.58,4.3608,4751.0
2023-10-05,84.07,4.3768,4752.0
2023-10-04,85.81,4.4155,4749.0
2023-10-03,90.92,4.4012,4748.0
2023-09-29,95.31,4.3697,4746.0
2023-09-28,95.38,4.4062,4746.0
2023-09-27,96.55,4.3622,4746.0
2023-09-26,93.96,4.3485,4749.0
2023-09-22,93.27,4.3269,4755.0
2023-09-21,93.3,4.3365,4757.0
2023-09-20,93.53,4.3501,4757.0
2023-09-19,94.34,4.3472,4756.0
2023-09-15,93.93,4.3418,4869.0
2023-09-14,93.7,4.312,4897.0
2023-09-13,91.88,4.3225,4929.0
2023-09-12,92.06,4.3711,4969.0
2023-09-08,90.65,4.2958,5039.0
2023-09-07,89.92,4.289,5069.0
2023-09-06,90.6,4.1895,5099.0
2023-09-05,90.04,4.1643,5129.0
2023-09-01,88.55,4.1263,5100.0
2023-08-31,86.86,4.1074,5173.0
2023-08-30,85.86,4.1167,5212.0
2023-08-25,84.48,4.1419,5241.0
2023-08-24,83.36,4.118,5233.0
2023-08-23,83.21,4.1438,5242.0
2023-08-22,84.03,4.0924,5252.0
2023-08-18,84.8,4.1285,5203.0
2023-08-17,84.12,4.1094,5200.0
2023-08-11,86.81,4.0501,5224.0
2023-08-10,86.4,4.0521,5224.0
2023-08-09,87.55,4.0592,5206.0
2023-08-08,86.17,4.0396,5233.0
2023-08-04,86.24,4.062,5236.0
2023-08-03,85.14,4.081,5235.0
2023-08-02,83.2,4.0497,5234.0
2023-08-01,84.91,4.0262,5236.0
2023-07-28,84.99,4.0377,5235.0
2023-07-27,84.24,3.9702,5213.0
2023-07-26,82.92,3.9949,5172.0
2023-07-25,83.64,4.008,5129.0
2023-07-21,81.07,3.999,5042.0
2023-07-20,79.64,3.971,5033.0
2023-07-19,79.46,3.9612,5007.0
2023-07-18,79.63,3.9451,4999.0
2023-07-14,79.87,3.9617,5032.0
2023-07-13,81.36,3.9724,5040.0
2023-07-12,80.11,4.0347,5033.0
2023-07-11,79.4,4.0374,5016.0
2023-07-07,78.47,4.1189,4976.0
2023-07-06,76.52,4.1191,4959.0
2023-07-05,76.65,4.0869,4937.0
2023-07-04,76.25,4.0636,4930.0
2023-06-30,74.9,4.1066,4902.0
2023-06-29,74.34,4.0832,4919.0
2023-06-28,74.03,4.0719,4923.0
2023-06-27,72.26,4.0481,4932.0
2023-06-23,73.85,4.0893,4952.0
2023-06-22,74.14,4.033,5011.0
2023-06-21,77.12,4.0648,4972.0
2023-06-20,75.9,4.058,5002.0
2023-06-16,76.61,4.0715,4944.0
2023-06-15,75.67,4.1203,4946.0
2023-06-14,73.2,4.1393,4934.0
2023-06-13,74.29,4.1439,4886.0
2023-06-07,76.95,4.1887,4947.0
2023-06-06,76.29,4.1964,4928.0
2023-06-02,76.13,4.1903,4899.0
2023-06-01,74.28,4.2399,4897.0
2023-05-31,72.66,4.2559,4906.0
2023-05-26,76.95,4.2156,4884.0
2023-05-25,76.26,4.1994,4906.0
2023-05-24,78.36,4.1573,4897.0
2023-05-23,76.84,4.1634,4900.0
2023-05-19,75.58,4.2053,4908.0
2023-05-18,75.86,4.1929,4921.0
2023-05-17,76.96,4.1504,4863.0
2023-05-16,74.91,4.1228,4874.0
2023-05-12,74.17,4.1638,4881.0
2023-05-11,74.98,4.1414,4881.0
2023-05-10,76.41,4.1532,4832.0
2023-05-05,75.3,4.1612,4793.0
2023-04-28,79.54,4.1753,4916.0
2023-04-27,78.37,4.1541,4980.0
2023-04-26,77.69,4.1557,5038.0
2023-04-25,80.77,4.1649,5099.0
2023-04-21,81.66,4.2006,5083.0
2023-04-20,81.1,4.2024,5224.0
2023-04-19,83.12,4.2244,5246.0
2023-04-18,84.77,4.2151,5269.0
2023-04-14,86.31,4.2042,5367.0
2023-04-13,86.09,4.2225,5381.0
2023-04-12,87.33,4.2713,5389.0
2023-04-06,85.12,4.3033,5386.0
2023-04-05,84.99,4.2739,5376.0
2023-04-04,84.94,4.2855,5374.0
2023-03-31,79.77,4.2934,5328.0
2023-03-30,79.27,4.3043,5360.0
2023-03-29,78.28,4.3247,5403.0
2023-03-28,78.65,4.33,5392.0
2023-03-24,74.99,4.3742,5385.0
2023-03-23,75.91,4.3011,5421.0
2023-03-22,76.38,4.3467,5412.0
2023-03-21,75.03,4.3715,5412.0
2023-03-17,72.77,4.4202,5346.0
2023-03-16,74.29,4.4248,5312.0
2023-03-15,73.28,4.403,5539.0
2023-03-14,77.45,4.3793,5560.0
2023-03-10,82.78,4.4266,5583.0
2023-03-09,81.59,4.4356,5721.0
2023-03-08,82.66,4.4626,5743.0
2023-03-07,83.29,4.3981,5764.0
2023-03-03,85.83,4.4341,5761.0
2023-03-02,84.75,4.4002,5763.0
2023-03-01,84.31,4.4094,5786.0
2023-02-28,83.89,4.4475,5715.0
2023-02-24,82.82,4.463,5686.0
2023-02-23,81.95,4.4873,5710.0
2023-02-22,80.45,4.4687,5730.0
2023-02-21,83.05,4.4524,5767.0
2023-02-17,83.0,4.4888,5836.0
2023-02-16,85.14,4.4601,5852.0
2023-02-15,85.38,4.4372,5885.0
2023-02-14,85.58,4.4463,5891.0
2023-02-10,86.39,4.4565,5805.0
2023-02-09,84.5,4.4003,5833.0
2023-02-08,85.09,4.4074,5837.0
2023-02-07,83.69,4.4325,5786.0
2023-02-03,79.94,4.2928,5890.0
2023-02-02,82.17,4.2803,5982.0
2023-02-01,82.84,4.3254,6037.0
2023-01-31,84.49,4.348,6095.0
2023-01-27,86.66,4.3252,6214.0
2023-01-26,87.47,4.3354,6219.0
2023-01-25,86.12,4.3265,6223.0
2023-01-24,86.13,4.3341,6245.0
2023-01-20,87.63,4.352,6186.0
2023-01-19,86.16,4.3469,6203.0
2023-01-18,84.98,4.3322,6160.0
2023-01-17,85.92,4.3398,6111.0
2023-01-13,85.28,4.3272,6071.0
2023-01-12,84.03,4.3556,6007.0
2023-01-11,82.67,4.3639,6011.0
2023-01-10,80.1,4.372,6020.0
2023-01-05,78.69,4.397,6081.0
2023-01-04,77.84,4.3998,6113.0
2022-12-30,85.91,4.4018,6895.0
2022-12-29,82.26,4.4078,6900.0
2022-12-23,84.5,4.37,6789.0
2022-12-22,81.67,4.3726,6786.0
2022-12-21,82.58,4.3947,6797.0
2022-12-20,80.53,4.4001,6809.0
2022-12-16,79.49,4.4227,6832.0
2022-12-15,81.32,4.41,6812.0
2022-12-14,82.75,4.3973,6745.0
2022-12-13,80.86,4.4527,6579.0
2022-12-09,76.6,4.4351,6537.0
2022-12-08,76.59,4.476,6569.0
2022-12-07,77.59,4.4834,6586.0
2022-12-06,79.67,4.4787,6599.0
2022-12-02,85.55,4.4492,6622.0
2022-12-01,86.88,4.4911,6559.0
2022-11-30,85.43,4.5066,6535.0
2022-11-29,83.03,4.5164,6526.0
2022-11-25,83.63,4.5111,6510.0
2022-11-24,85.34,4.5101,6527.0
2022-11-23,85.41,4.548,6553.0
2022-11-22,88.36,4.5844,6539.0
2022-11-18,87.62,4.5337,6599.0
2022-11-17,89.78,4.5387,6646.0
2022-11-16,92.86,4.505,6679.0
2022-11-15,93.86,4.5143,6745.0
2022-11-10,93.67,4.7328,7084.0
2022-11-09,92.65,4.6817,7125.0
2022-11-08,95.36,4.6893,7161.0
2022-11-04,98.57,4.7975,7238.0
2022-11-03,94.67,4.8291,7138.0
2022-10-28,95.77,4.7477,7323.0
2022-10-27,96.96,4.7216,7352.0
2022-10-26,95.69,4.7538,7367.0
2022-10-25,91.74,4.8499,7384.0
2022-10-21,91.34,4.9,7419.0
2022-10-20,90.45,4.9024,7454.0
2022-10-19,90.56,4.8892,7487.0
2022-10-18,88.6,4.8929,7513.0
2022-10-14,90.15,4.9569,7557.0
2022-10-13,94.57,4.9905,7536.0
2022-10-12,92.45,5.0014,7548.0
2022-10-11,94.29,5.0171,7669.0
2022-10-07,97.92,4.9588,7381.0
2022-10-06,94.42,4.8989,7280.0
2022-10-05,93.37,4.838,6977.0
2022-10-04,91.8,4.8615,6756.0
2022-09-30,87.96,4.9533,6780.0
2022-09-29,88.49,5.0328,6765.0
2022-09-28,89.32,5.0381,6526.0
2022-09-27,84.87,4.9476,6468.0
2022-09-23,85.03,4.8796,6580.0
2022-09-22,89.53,4.8343,6427.0
2022-09-21,88.8,4.7919,6392.0
2022-09-16,91.35,4.7384,6521.0
2022-09-15,90.84,4.7202,6614.0
2022-09-14,94.1,4.7233,6676.0
2022-09-13,93.17,4.6363,6722.0
2022-09-09,92.84,4.6599,6785.0
2022-09-08,88.62,4.7268,6827.0
2022-09-07,88.0,4.7584,6852.0
2022-09-06,92.83,4.7367,6893.0
2022-09-02,93.02,4.7276,6963.0
2022-09-01,92.36,4.6959,7048.0
2022-08-31,96.49,4.736,7067.0
2022-08-26,99.01,4.7465,7155.0
2022-08-25,98.46,4.7546,7085.0
2022-08-24,100.34,4.8029,6979.0
2022-08-23,99.17,4.803,6877.0
2022-08-19,96.72,4.7061,6743.0
2022-08-18,96.59,4.6468,6670.0
2022-08-17,93.65,4.6119,6621.0
2022-08-12,98.15,4.5459,6456.0
2022-08-11,99.6,4.5206,6442.0
2022-08-10,97.4,4.6112,6460.0
2022-08-09,96.31,4.5919,6464.0
2022-08-05,94.92,4.6024,6552.0
2022-08-04,94.12,4.634,6566.0
2022-08-03,96.78,4.6164,6617.0
2022-08-02,100.54,4.5984,6776.0
2022-08-01,100.03,4.629,6895.0
2022-07-29,110.01,4.6365,6874.0
2022-07-28,107.14,4.6952,6944.0
2022-07-27,106.62,4.7142,6820.0
2022-07-26,104.4,4.6222,6807.0
2022-07-22,103.2,4.692,6915.0
2022-07-21,103.86,4.6682,6973.0
2022-07-20,106.92,4.6524,7022.0
2022-07-19,107.35,4.6594,7067.0
2022-07-15,101.16,4.7966,7031.0
2022-07-14,99.1,4.8274,7083.0
2022-07-13,99.57,4.8221,7043.0
2022-07-12,99.49,4.8284,7074.0
2022-07-08,107.02,4.7417,6970.0
2022-07-07,104.65,4.7029,6963.0
2022-07-06,100.69,4.6796,7009.0
2022-07-05,102.77,4.5947,7094.0
2022-07-04,113.5,4.5032,7095.0
2022-07-01,111.63,4.5106,7043.0
2022-06-30,114.81,4.4825,7141.0
2022-06-29,116.26,4.4533,7177.0
2022-06-28,117.98,4.4377,7131.0
2022-06-27,115.09,4.4369,7258.0
2022-06-24,113.12,4.4656,7310.0
2022-06-23,110.05,4.4881,7217.0
2022-06-22,111.74,4.4338,7296.0
2022-06-21,114.65,4.3917,7378.0
2022-06-15,118.51,4.4455,7264.0
2022-06-14,121.17,4.4478,7200.0
2022-06-10,122.01,4.3363,7350.0
2022-06-09,123.07,4.2764,7130.0
2022-06-08,123.58,4.2904,7310.0
2022-06-07,120.57,4.2935,7394.0
2022-06-06,119.51,4.2675,7152.0
2022-06-02,117.61,4.2931,7174.0
2022-06-01,116.29,4.2817,6912.0
2022-05-31,122.84,4.2651,6750.0
2022-05-27,119.43,4.2966,6686.0
2022-05-26,117.4,4.3189,6481.0
2022-05-25,114.03,4.3069,6394.0
2022-05-24,113.56,4.3071,6382.0
2022-05-20,112.55,4.3832,6502.0
2022-05-19,112.04,4.4231,6542.0
2022-05-18,109.11,4.4279,6618.0
2022-05-17,111.93,4.4379,6660.0
2022-05-16,114.24,4.4785,6647.0
2022-05-13,111.55,4.4849,6589.0
2022-05-12,107.45,4.4863,6583.0
2022-05-11,107.51,4.419,6527.0
2022-05-10,102.46,4.4223,6691.0
2022-05-06,112.39,4.4502,6875.0
2022-05-05,110.9,4.4017,6831.0
2022-04-29,109.34,4.4072,6982.0
2022-04-28,107.59,4.4613,6887.0
2022-04-27,105.32,4.4453,6662.0
2022-04-26,104.99,4.3469,6590.0
2022-04-22,106.65,4.2935,6645.0
2022-04-21,108.33,4.2596,6683.0
2022-04-20,106.8,4.2708,6647.0
2022-04-19,107.25,4.2887,6664.0
2022-04-14,111.7,4.2581,6491.0
2022-04-13,108.78,4.2872,6406.0
2022-04-12,104.64,4.2926,6228.0
2022-04-08,102.78,4.2703,6347.0
2022-04-07,100.58,4.2727,6411.0
2022-04-06,101.07,4.2606,6443.0
2022-04-05,106.64,4.2233,6543.0
2022-04-01,104.39,4.1978,6648.0
2022-03-31,107.91,4.1801,6835.0
2022-03-30,113.45,4.1688,6990.0
2022-03-29,110.23,4.2917,7091.0
2022-03-25,120.65,4.3125,7269.0
2022-03-24,119.03,4.331,7099.0
2022-03-23,121.6,4.2772,6860.0
2022-03-22,115.48,4.272,6763.0
2022-03-18,107.93,4.2707,6405.0
2022-03-17,106.64,4.2403,6153.0
2022-03-16,98.02,4.2828,6351.0
2022-03-15,99.91,4.2992,6697.0
2022-03-11,112.67,4.3694,7060.0
2022-03-10,109.33,4.3482,7344.0
2022-03-09,111.14,4.4147,7699.0
2022-03-08,127.98,4.5115,7290.0
2022-03-04,118.11,4.391,6366.0
2022-03-03,110.46,4.3257,6164.0
2022-03-02,112.93,4.3302,5774.0
2022-03-01,104.97,4.2193,5524.0
2022-02-25,97.93,4.1683,5361.0
2022-02-24,99.08,4.1281,5160.0
2022-02-23,96.84,3.9937,5151.0
2022-02-22,96.84,4.012,5069.0
2022-02-18,93.54,3.9798,5067.0
2022-02-17,92.97,3.9687,5073.0
2022-02-16,94.81,3.9478,5077.0
2022-02-15,93.28,3.974,5128.0
2022-02-11,94.44,3.9665,4995.0
2022-02-10,91.41,3.9218,5005.0
2022-02-09,91.55,3.953,5019.0
2022-02-08,90.78,3.9693,5052.0
2022-02-04,93.27,3.9657,4986.0
2022-02-03,91.11,4.0267,4976.0
2022-02-02,89.47,4.0283,4982.0
2022-02-01,89.16,4.0689,4994.0
2022-01-28,90.03,4.1048,4946.0
2022-01-27,89.34,4.083,4918.0
2022-01-26,89.96,4.0684,4851.0
2022-01-25,88.2,4.0593,4827.0
2022-01-21,87.89,3.9953,4841.0
2022-01-20,88.38,3.9833,4826.0
2022-01-19,88.44,3.993,4795.0
2022-01-18,87.51,3.9734,4777.0
2022-01-14,86.06,3.9597,4740.0
2022-01-13,84.47,3.9463,4767.0
2022-01-12,84.67,3.9879,4755.0
2022-01-11,83.72,4.0106,4735.0
2022-01-10,80.87,4.0064,4722.0
2022-01-05,80.8,4.0396,4639.0
2021-12-31,77.78,4.06,4611.0
2021-12-30,79.32,4.0631,4618.0
2021-12-24,76.14,4.0785,4565.0
2021-12-23,76.85,4.095,4561.0
2021-12-22,75.29,4.0984,4554.0
2021-12-21,73.98,4.0937,4621.0
2021-12-20,71.52,4.1182,4671.0
2021-12-17,73.52,4.0882,4774.0
2021-12-16,75.02,4.0938,4746.0
2021-12-15,73.88,4.0999,4758.0
2021-12-14,73.7,4.1088,4760.0
2021-12-10,75.15,4.0887,4776.0
2021-12-09,74.42,4.0837,4760.0
2021-12-08,75.82,4.071,4740.0
2021-12-07,75.44,4.0788,4645.0
2021-12-06,73.08,4.0619,4648.0
2021-12-03,69.88,4.0653,4654.0
2021-12-02,69.67,4.0625,4687.0
2021-12-01,68.87,4.1051,4672.0
2021-11-30,70.57,4.1214,4731.0
2021-11-26,72.72,4.1754,4942.0
2021-11-25,82.22,4.16,4927.0
2021-11-24,82.25,4.1764,4907.0
2021-11-23,82.31,4.1893,4886.0
2021-11-19,78.89,4.1457,4890.0
2021-11-18,81.24,4.1114,4898.0
2021-11-17,80.28,4.1204,4921.0
2021-11-16,82.43,4.1061,4901.0
2021-11-10,82.64,3.9737,4964.0
2021-11-09,84.78,3.9622,4970.0
2021-11-05,82.74,3.9911,4946.0
2021-11-04,80.54,3.9807,4958.0
2021-11-03,81.99,3.9681,4982.0
2021-10-29,84.38,3.9664,4991.0
2021-10-28,84.32,3.9938,5014.0
2021-10-27,84.58,3.9815,5047.0
2021-10-26,86.4,3.974,4985.0
2021-10-25,85.99,3.9502,4967.0
2021-10-22,85.53,3.9576,4947.0
2021-10-21,84.61,3.9449,4948.0
2021-10-20,85.82,3.9428,4934.0
2021-10-19,85.08,3.9212,4949.0
2021-10-18,84.33,3.9471,4932.0
2021-10-15,84.86,3.9413,4918.0
2021-10-14,84.0,3.9403,4926.0
2021-10-13,83.18,3.9638,4928.0
2021-10-12,83.42,3.9664,4892.0
2021-10-08,82.39,3.9775,4831.0
2021-10-07,81.95,3.9334,4833.0
2021-10-06,81.08,3.9992,4782.0
2021-10-05,82.56,3.9688,4730.0
2021-10-04,81.26,3.9368,4697.0
2021-10-01,79.28,3.9678,4743.0
2021-09-30,78.52,3.9925,4678.0
2021-09-29,78.64,3.9684,4651.0
2021-09-28,79.09,3.9546,4600.0
2021-09-24,78.09,3.9268,4516.0
2021-09-23,77.25,3.9256,4489.0
2021-09-22,76.19,3.946,4469.0
2021-09-21,74.36,3.9337,4450.0
2021-09-17,75.34,3.8882,4396.0
2021-09-16,75.67,3.8847,4368.0
2021-09-15,75.46,3.8475,4343.0
2021-09-14,73.6,3.8542,4328.0
2021-09-10,72.92,3.8402,4312.0
2021-09-09,71.45,3.8292,4318.0
2021-09-08,72.6,3.8213,4310.0
2021-09-07,71.69,3.8041,4320.0
2021-09-03,72.61,3.7998,4319.0
2021-09-02,73.03,3.8044,4296.0
2021-09-01,71.59,3.8238,4324.0
2021-08-27,72.7,3.8978,4278.0
2021-08-26,71.07,3.8912,4264.0
2021-08-25,72.25,3.8869,4236.0
2021-08-24,71.05,3.9086,4210.0
2021-08-20,65.18,3.9301,4215.0
2021-08-19,66.45,3.9226,4251.0
2021-08-18,68.23,3.8861,4254.0
2021-08-17,69.03,3.8797,4262.0
2021-08-13,70.59,3.8934,4250.0
2021-08-12,71.31,3.9074,4243.0
2021-08-11,71.44,3.9148,4230.0
2021-08-10,70.63,3.8937,4222.0
2021-08-06,70.7,3.8519,4243.0
2021-08-05,71.29,3.8485,4249.0
2021-08-04,70.38,3.8366,4283.0
2021-08-03,72.41,3.8315,4297.0
2021-07-30,76.33,3.841,4317.0
2021-07-29,76.05,3.8617,4308.0
2021-07-28,74.74,3.8849,4307.0
2021-07-27,74.48,3.9017,4291.0
2021-07-23,74.1,3.8851,4224.0
2021-07-22,73.79,3.8801,4229.0
2021-07-21,72.23,3.9035,4219.0
2021-07-20,69.35,3.9012,4256.0
2021-07-16,73.59,3.8808,4311.0
2021-07-15,73.47,3.8629,4323.0
2021-07-14,74.76,3.8955,4303.0
2021-07-13,76.49,3.8533,4283.0
2021-07-09,75.55,3.8427,4262.0
2021-07-08,74.12,3.8408,4282.0
2021-07-07,73.43,3.8225,4297.0
2021-07-06,74.53,3.8021,4317.0
2021-07-02,76.17,3.8263,4271.0
2021-07-01,75.84,3.8149,4254.0
2021-06-30,75.13,3.8035,4257.0
2021-06-29,74.76,3.7914,4258.0
2021-06-25,76.18,3.7749,4263.0
2021-06-24,75.56,3.7986,4258.0
2021-06-23,75.19,3.7878,4250.0
2021-06-22,74.81,3.8132,4234.0
2021-06-21,74.9,3.8214,4226.0
2021-06-18,73.51,3.8198,4214.0
2021-06-17,73.08,3.7931,4208.0
2021-06-16,74.39,3.7336,4189.0
2021-06-15,73.99,3.7349,4179.0
2021-06-11,72.69,3.6759,4154.0
2021-06-10,72.52,3.6821,4150.0
2021-06-09,72.22,3.6545,4146.0
2021-06-08,72.22,3.669,4144.0
2021-06-02,71.35,3.6659,4095.0
2021-05-28,69.63,3.6766,4071.0
2021-05-27,69.46,3.6929,4054.0
2021-05-26,68.87,3.6691,4048.0
2021-05-25,68.65,3.6549,4049.0
2021-05-21,66.44,3.6778,4046.0
2021-05-20,65.11,3.7077,4054.0
2021-05-19,66.66,3.7087,4108.0
2021-05-18,68.71,3.705,4106.0
2021-05-14,68.71,3.7374,4095.0
2021-05-13,67.05,3.7675,4109.0
2021-05-12,69.32,3.7456,4096.0
2021-05-11,68.55,3.7514,4085.0
2021-05-07,68.28,3.7861,4080.0
2021-05-06,68.09,3.8066,4071.0
2021-05-05,68.96,3.8136,4043.0
2021-05-04,68.88,3.794,4012.0
2021-04-30,67.25,3.7746,3999.0
2021-04-29,68.56,3.7786,3985.0
2021-04-28,67.27,3.7939,3975.0
2021-04-27,66.42,3.7826,3971.0
2021-04-23,66.11,3.7855,3988.0
2021-04-22,65.4,3.7885,3986.0
2021-04-21,65.32,3.795,3989.0
2021-04-20,66.57,3.7737,4004.0
2021-04-16,66.77,3.7978,3997.0
2021-04-15,66.94,3.8014,3980.0
2021-04-14,66.58,3.8065,3974.0
2021-04-13,63.67,3.8342,3970.0
2021-04-09,62.95,3.8208,3974.0
2021-04-08,63.2,3.8365,3986.0
2021-04-07,63.16,3.8611,4011.0
2021-04-01,64.86,3.9428,4033.0
2021-03-31,63.54,3.9676,4005.0
2021-03-30,64.14,3.9604,3991.0
2021-03-26,64.57,3.9307,3967.0
2021-03-25,61.95,3.9253,3977.0
2021-03-24,64.41,3.9098,3966.0
2021-03-23,60.79,3.8746,3984.0
2021-03-19,64.53,3.8865,4020.0
2021-03-18,63.28,3.8705,4059.0
2021-03-17,68.0,3.8676,4075.0
2021-03-16,68.39,3.8519,4067.0
2021-03-12,69.22,3.8521,4055.0
2021-03-11,69.63,3.8287,4069.0
2021-03-10,67.9,3.842,4065.0
2021-03-09,67.52,3.8507,4064.0
2021-03-05,69.36,3.8393,3960.0
2021-03-04,66.74,3.7851,3943.0
2021-03-03,64.07,3.7509,3959.0
2021-03-02,62.7,3.7765,3966.0
2021-02-26,66.13,3.7247,3967.0
2021-02-25,66.88,3.6943,3952.0
2021-02-24,67.04,3.7145,3933.0
2021-02-23,65.37,3.7117,3925.0
2021-02-19,62.91,3.6997,3906.0
2021-02-18,63.93,3.7152,3892.0
2021-02-17,64.34,3.7287,3876.0
2021-02-16,63.35,3.694,3857.0
2021-02-12,62.43,3.7186,3830.0
2021-02-11,61.14,3.7117,3844.0
2021-02-10,61.47,3.6973,3822.0
2021-02-09,61.09,3.6972,3807.0
2021-02-05,59.34,3.7554,3752.0
2021-02-04,58.84,3.7509,3739.0
2021-02-03,58.46,3.7352,3721.0
2021-02-02,57.46,3.7311,3701.0
2021-01-29,55.88,3.746,3699.0
2021-01-28,55.53,3.7566,3693.0
2021-01-27,55.81,3.7507,3683.0
2021-01-26,55.91,3.7512,3678.0
2021-01-25,55.88,3.7402,3681.0
2021-01-22,55.41,3.7255,3702.0
2021-01-21,56.1,3.7312,3706.0
2021-01-20,56.08,3.7303,3712.0
2021-01-19,55.9,3.7416,3726.0
2021-01-15,55.1,3.7466,3724.0
2021-01-14,56.42,3.7323,3714.0
2021-01-13,56.06,3.7142,3702.0
2021-01-12,56.58,3.7188,3673.0
2021-01-08,55.99,3.6919,3635.0
2021-01-05,53.6,3.7031,3605.0
2020-12-31,51.8,3.7584,3591.0
2020-12-30,51.34,3.6901,3586.0
2020-12-24,51.29,3.6981,3595.0
2020-12-23,51.2,3.6919,3582.0
2020-12-22,50.08,3.6921,3593.0
2020-12-18,52.26,3.6322,3574.0
2020-12-17,51.5,3.6254,3551.0
2020-12-16,51.08,3.6334,3552.0
2020-12-15,50.76,3.6554,3529.0
2020-12-11,49.97,3.663,3515.0
2020-12-10,50.25,3.6574,3498.0
2020-12-09,48.86,3.6657,3497.0
2020-12-08,48.84,3.6914,3497.0
2020-12-04,49.25,3.6765,3460.0
2020-12-03,48.71,3.6981,3452.0
2020-12-02,48.25,3.7038,3456.0
2020-12-01,47.42,3.7367,3466.0
2020-11-27,48.18,3.7614,3475.0
2020-11-26,47.8,3.7586,3466.0
2020-11-25,48.61,3.7556,3418.0
2020-11-24,47.86,3.7625,3386.0
2020-11-20,44.96,3.7677,3361.0
2020-11-19,44.2,3.7872,3350.0
2020-11-18,44.34,3.7621,3339.0
2020-11-17,43.75,3.7877,3340.0
2020-11-13,42.78,3.8015,3352.0
2020-11-10,43.61,3.8168,3272.0
2020-11-06,39.45,3.8194,3264.0
2020-11-05,40.93,3.8353,3263.0
2020-11-04,41.23,3.8996,3242.0
2020-11-03,39.71,3.9069,3240.0
2020-10-30,37.46,3.9563,3253.0
2020-10-29,37.65,3.9505,3275.0
2020-10-28,39.12,3.9313,3283.0
2020-10-27,41.2,3.886,3281.0
2020-10-23,41.77,3.8665,3297.0
2020-10-22,42.46,3.8734,3280.0
2020-10-21,41.73,3.8706,3317.0
2020-10-20,43.16,3.8926,3319.0
2020-10-16,42.93,3.8976,3302.0
2020-10-15,43.16,3.8904,3299.0
2020-10-14,43.32,3.8301,3288.0
2020-10-13,42.45,3.7932,3291.0
2020-10-09,42.85,3.7913,3286.0
2020-10-08,43.34,3.8175,3265.0
2020-10-07,41.99,3.8126,3258.0
2020-10-06,42.65,3.818,3247.0
2020-10-02,39.27,3.8366,3270.0
2020-10-01,40.93,3.8513,3287.0
2020-09-30,40.95,3.8658,3282.0
2020-09-29,41.03,3.9228,3262.0
2020-09-25,41.92,3.9016,3235.0
2020-09-24,41.94,3.8833,3234.0
2020-09-23,41.77,3.8399,3239.0
2020-09-22,41.72,3.8359,3237.0
2020-09-18,43.15,3.7585,3219.0
2020-09-17,43.3,3.7713,3202.0
2020-09-16,42.22,3.7526,3193.0
2020-09-15,40.53,3.7445,3194.0
2020-09-11,39.83,3.7534,3208.0
2020-09-10,40.06,3.761,3217.0
2020-09-09,40.79,3.7871,3230.0
2020-09-08,39.78,3.7652,3253.0
2020-09-04,42.66,3.7533,3292.0
2020-09-03,44.07,3.7337,3314.0
2020-09-02,44.43,3.7191,3319.0
2020-08-31,45.28,3.6924,3329.0
2020-08-28,45.05,3.6983,3347.0
2020-08-27,45.09,3.7286,3347.0
2020-08-26,45.64,3.7269,3336.0
2020-08-25,45.86,3.7144,3334.0
2020-08-21,44.35,3.7164,3348.0
2020-08-20,44.9,3.7164,3351.0
2020-08-19,45.37,3.6732,3359.0
2020-08-18,45.46,3.6895,3362.0
2020-08-14,44.8,3.7227,3363.0
2020-08-13,44.96,3.7176,3362.0
2020-08-12,45.43,3.7558,3358.0
2020-08-11,44.5,3.739,3353.0
2020-08-07,44.4,3.7302,3387.0
2020-08-06,45.09,3.724,3387.0
2020-08-05,45.17,3.7143,3368.0
2020-08-04,44.43,3.7364,3366.0
2020-07-31,43.3,3.7166,3362.0
2020-07-30,42.94,3.7549,3388.0
2020-07-29,43.75,3.761,3373.0
2020-07-28,43.22,3.7532,3386.0
2020-07-24,43.34,3.8029,3414.0
2020-07-23,43.31,3.806,3411.0
2020-07-22,44.29,3.8534,3412.0
2020-07-21,44.32,3.8812,3397.0
2020-07-17,43.14,3.9263,3403.0
2020-07-16,43.37,3.9422,3404.0
2020-07-15,43.79,3.9117,3401.0
2020-07-14,42.9,3.957,3408.0
2020-07-10,43.24,3.9646,3426.0
2020-07-09,42.35,3.9486,3425.0
2020-07-08,43.29,3.9666,3426.0
2020-07-07,43.08,3.9689,3414.0
2020-07-06,43.1,3.9588,3402.0
2020-07-03,42.8,3.9764,3409.0
2020-07-02,43.14,3.9528,3395.0
2020-07-01,42.03,3.9591,3373.0
2020-06-30,41.15,3.9806,3374.0
2020-06-26,41.02,3.9697,3393.0
2020-06-25,41.05,3.9623,3413.0
2020-06-24,40.31,3.9395,3444.0
2020-06-23,42.63,3.9311,3423.0
2020-06-19,42.19,3.9741,3383.0
2020-06-18,41.51,3.9589,3369.0
2020-06-17,40.71,3.9532,3347.0
2020-06-16,40.96,3.9058,3333.0
2020-06-15,39.72,3.9413,3330.0
2020-06-10,41.73,3.918,3367.0
2020-06-09,41.18,3.9453,3337.0
2020-06-05,42.3,3.9217,3281.0
2020-06-04,39.99,3.9573,3273.0
2020-06-03,39.79,3.9121,3260.0
2020-06-02,39.57,3.9303,3224.0
2020-05-29,35.33,4.0031,3221.0
2020-05-28,35.29,4.0244,3250.0
2020-05-27,34.74,4.0504,3257.0
2020-05-22,35.13,4.1503,3259.0
2020-05-21,36.06,4.1346,3253.0
2020-05-20,35.75,4.1619,3198.0
2020-05-19,34.65,4.1645,3178.0
2020-05-15,32.5,4.2135,3067.0
2020-05-14,31.13,4.2269,3056.0
2020-05-13,29.19,4.2111,3054.0
2020-05-12,29.98,4.2095,3051.0
2020-05-08,30.97,4.2065,3034.0
2020-05-07,29.46,4.2162,2990.0
2020-05-06,29.72,4.2022,2972.0
2020-05-05,30.97,4.1927,2952.0
2020-04-30,25.27,4.1729,2897.0
2020-04-29,22.54,4.1807,2876.0
2020-04-28,20.46,4.184,2904.0
2020-04-24,21.44,4.2142,2954.0
2020-04-23,21.33,4.2093,2949.0
2020-04-22,20.37,4.1736,3023.0
2020-04-21,19.33,4.1779,3069.0
2020-04-17,28.08,4.1886,3079.0
2020-04-16,27.82,4.1631,3085.0
2020-04-15,27.69,4.1519,3135.0
2020-04-09,31.48,4.1744,3193.0
2020-04-08,32.84,4.1801,3202.0
2020-04-07,31.87,4.1717,3189.0
2020-04-03,34.11,4.2396,3142.0
2020-04-02,29.94,4.1917,3152.0
2020-04-01,24.74,4.1701,3183.0
2020-03-31,22.74,4.1466,3187.0
2020-03-27,24.93,4.1127,3233.0
2020-03-26,26.34,4.1988,3228.0
2020-03-25,27.39,4.222,3227.0
2020-03-24,27.15,4.2421,3195.0
2020-03-20,26.98,4.24,3182.0
2020-03-19,28.47,4.2421,3163.0
2020-03-18,24.88,4.0749,3229.0
2020-03-17,28.73,4.046,3266.0
2020-03-13,33.85,3.9067,3351.0
2020-03-12,33.22,3.8642,3424.0
2020-03-11,35.79,3.8186,3485.0
2020-03-10,37.22,3.8058,3550.0
2020-03-06,45.27,3.8231,3655.0
2020-03-05,49.99,3.8479,3661.0
2020-03-04,51.13,3.8536,3660.0
2020-03-03,51.86,3.8804,3650.0
2020-02-28,50.52,3.9255,3687.0
2020-02-27,52.18,3.9413,3764.0
2020-02-26,53.43,3.9573,3810.0
2020-02-25,54.95,3.9624,3849.0
2020-02-21,58.5,3.9623,3857.0
2020-02-20,59.31,3.9621,3835.0
2020-02-19,59.12,3.9556,3821.0
2020-02-18,57.75,3.9448,3823.0
2020-02-14,57.32,3.9098,3803.0
2020-02-13,56.34,3.9104,3784.0
2020-02-12,55.79,3.901,3776.0
2020-02-11,54.01,3.9041,3779.0
2020-02-07,54.47,3.8947,3786.0
2020-02-06,54.93,3.8672,3786.0
2020-02-05,55.28,3.8654,3770.0
2020-02-04,53.96,3.8773,3789.0
2020-01-31,58.16,3.8999,3846.0
2020-01-30,58.29,3.8856,3870.0
2020-01-29,59.81,3.8871,3870.0
2020-01-28,59.51,3.8844,3871.0
2020-01-24,60.69,3.8475,3903.0
2020-01-23,62.04,3.8308,3951.0
2020-01-22,63.21,3.8202,3969.0
2020-01-21,64.59,3.8284,3987.0
2020-01-17,64.85,3.8053,3989.0
2020-01-16,64.62,3.7968,4011.0
2020-01-15,64.0,3.7992,4039.0
2020-01-14,64.49,3.8019,4039.0
2020-01-13,64.2,3.8101,4110.0
2020-01-10,64.98,3.8272,4150.0
2020-01-09,65.37,3.8251,4167.0
2020-01-08,65.44,3.8123,4194.0
2020-01-03,68.6,3.8213,4169.0
2019-12-31,66.0,3.7977,4193.0
2019-12-24,67.2,3.8487,4178.0
2019-12-20,66.14,3.8311,4152.0
2019-12-19,66.54,3.8281,4133.0
2019-12-18,66.17,3.8302,4111.0
2019-12-17,66.1,3.8211,4083.0
2019-12-13,65.22,3.8234,4074.0
2019-12-12,64.2,3.8505,4077.0
2019-12-11,63.72,3.866,4095.0
2019-12-10,64.34,3.8711,4081.0
2019-12-06,64.39,3.85,4055.0
2019-12-05,63.39,3.8566,4039.0
2019-12-04,63.0,3.8647,4049.0
2019-12-03,60.82,3.8706,4064.0
2019-11-29,62.43,3.9288,4080.0
2019-11-28,63.87,3.9252,4075.0
2019-11-27,64.06,3.9154,4075.0
2019-11-26,64.27,3.9039,4054.0
2019-11-22,63.39,3.8853,4021.0
2019-11-21,63.97,3.8737,4029.0
2019-11-20,62.4,3.8792,4032.0
2019-11-19,60.91,3.8786,4044.0
2019-11-15,63.3,3.8848,4042.0
2019-11-14,62.28,3.9011,4019.0
2019-11-13,62.37,3.8902,4022.0
2019-11-08,62.51,3.8625,4007.0
2019-11-07,62.29,3.8502,4012.0
2019-11-06,61.74,3.8497,4010.0
2019-11-05,62.96,3.8308,3994.0
2019-10-31,60.23,3.8174,4005.0
2019-10-30,60.61,3.8388,4017.0
2019-10-29,61.59,3.8598,4018.0
2019-10-25,62.02,3.8452,4027.0
2019-10-24,61.67,3.8448,4001.0
2019-10-23,61.17,3.8473,3997.0
2019-10-22,59.7,3.8408,4000.0
2019-10-18,59.42,3.8503,4009.0
2019-10-17,59.91,3.8638,4021.0
2019-10-16,59.42,3.8934,4024.0
2019-10-15,58.74,3.8952,4026.0
2019-10-11,60.51,3.9145,4027.0
2019-10-10,59.1,3.9226,4046.0
2019-10-09,58.32,3.9382,4034.0
2019-10-08,58.24,3.9405,4043.0
2019-10-04,58.37,3.9469,4035.0
2019-10-03,57.71,3.9652,4047.0
2019-10-02,57.69,4.0152,4101.0
2019-10-01,58.89,4.0147,4106.0
2019-09-27,61.91,4.0154,4115.0
2019-09-26,62.74,4.0092,4112.0
2019-09-25,62.39,3.9856,4154.0
2019-09-24,63.1,3.9838,4175.0
2019-09-20,64.28,3.9319,4179.0
2019-09-19,64.4,3.9267,4155.0
2019-09-18,63.6,3.9322,4145.0
2019-09-17,64.55,3.9412,4128.0
2019-09-13,60.22,3.912,4072.0
2019-09-12,60.38,3.9362,4114.0
2019-09-11,60.81,3.9324,4106.0
2019-09-10,62.38,3.9273,4085.0
2019-09-06,61.54,3.9315,4073.0
2019-09-05,60.95,3.933,4066.0
2019-09-04,60.7,3.9414,4038.0
2019-08-30,60.43,3.9717,4037.0
2019-08-29,61.08,3.9586,4044.0
2019-08-28,60.49,3.9548,4016.0
2019-08-23,59.34,3.9371,4050.0
2019-08-22,59.92,3.9337,4038.0
2019-08-21,60.3,3.921,4031.0
2019-08-20,60.03,3.9408,4027.0
2019-08-14,59.48,3.889,3975.0
2019-08-13,61.3,3.8714,3960.0
2019-08-09,58.53,3.8613,3957.0
2019-08-08,57.38,3.8538,3989.0
2019-08-07,56.23,3.8597,4028.0
2019-08-06,58.94,3.8482,4049.0
2019-08-02,61.89,3.8829,4079.0
2019-08-01,60.5,3.886,4090.0
2019-07-31,65.17,3.8504,4056.0
2019-07-30,64.72,3.8493,4038.0
2019-07-26,63.46,3.8296,4032.0
2019-07-25,63.39,3.8199,4010.0
2019-07-24,63.18,3.8229,4002.0
2019-07-23,63.83,3.7997,3977.0
2019-07-19,62.47,3.7855,3985.0
2019-07-18,61.93,3.7933,4024.0
2019-07-17,63.66,3.8038,4039.0
2019-07-16,64.35,3.7867,4041.0
2019-07-12,66.72,3.7889,4009.0
2019-07-11,66.52,3.7859,3978.0
2019-07-10,67.01,3.8066,3960.0
2019-07-09,64.16,3.8074,3954.0
2019-07-05,64.23,3.7689,3944.0
2019-07-04,63.3,3.7618,3942.0
2019-07-03,63.82,3.7596,3953.0
2019-07-02,62.4,3.7593,3982.0
2019-06-28,66.55,3.7336,3979.0
2019-06-27,66.55,3.7426,3973.0
2019-06-26,66.49,3.754,3956.0
2019-06-25,65.05,3.7376,3938.0
2019-06-19,61.82,3.8104,3902.0
2019-06-18,62.14,3.8097,3895.0
2019-06-14,62.01,3.7727,3879.0
2019-06-13,61.31,3.7736,3864.0
2019-06-12,59.97,3.763,3888.0
2019-06-11,62.29,3.7722,3885.0
2019-06-07,63.29,3.7958,3854.0
2019-06-06,61.67,3.8065,3857.0
2019-06-05,60.63,3.7929,3909.0
2019-06-04,61.97,3.8041,3945.0
2019-05-31,64.49,3.8498,4058.0
2019-05-30,66.87,3.8548,4087.0
2019-05-29,69.45,3.8554,4091.0
2019-05-28,70.11,3.8386,4071.0
2019-05-24,68.69,3.8436,4110.0
2019-05-23,67.76,3.8696,4164.0
2019-05-22,70.99,3.862,4209.0
2019-05-21,72.18,3.8625,4221.0
2019-05-17,72.21,3.8545,4198.0
2019-05-16,72.62,3.8259,4179.0
2019-05-15,71.77,3.8457,4168.0
2019-05-14,71.24,3.8323,4166.0
2019-05-10,70.62,3.8242,4153.0
2019-05-09,70.39,3.841,4164.0
2019-05-08,70.37,3.8325,4186.0
2019-04-30,72.8,3.8291,4198.0
2019-04-26,72.15,3.8508,4210.0
2019-04-25,74.35,3.8537,4200.0
2019-04-24,74.57,3.8229,4183.0
2019-04-18,71.97,3.8002,4159.0
2019-04-17,71.62,3.7778,4143.0
2019-04-16,71.72,3.7802,4144.0
2019-04-12,71.55,3.7899,4139.0
2019-04-11,70.83,3.7964,4130.0
2019-04-10,71.73,3.8023,4113.0
2019-04-09,70.61,3.8003,4103.0
2019-04-05,70.34,3.8215,4080.0
2019-04-04,69.4,3.8215,4072.0
2019-04-03,69.31,3.8192,4094.0
2019-04-02,69.37,3.8403,4063.0
2019-03-29,68.39,3.8365,4039.0
2019-03-28,67.82,3.8202,4049.0
2019-03-27,67.83,3.8113,4037.0
2019-03-26,67.97,3.7969,4034.0
2019-03-22,67.03,3.7948,4030.0
2019-03-21,67.86,3.7581,4040.0
2019-03-20,68.5,3.7767,4010.0
2019-03-19,67.61,3.7823,4012.0
2019-03-15,67.16,3.8014,4025.0
2019-03-14,67.23,3.8018,4031.0
2019-03-13,67.55,3.8077,4038.0
2019-03-12,66.67,3.8116,4043.0
2019-03-08,65.74,3.8409,4053.0
2019-03-07,66.3,3.8038,4058.0
2019-03-06,65.99,3.8038,4048.0
2019-03-05,65.86,3.7977,4045.0
2019-03-01,65.07,3.792,4057.0
2019-02-28,66.03,3.7853,4046.0
2019-02-27,66.39,3.7886,4042.0
2019-02-26,65.21,3.8124,4063.0
2019-02-22,67.12,3.8242,4063.0
2019-02-21,67.07,3.8247,4057.0
2019-02-20,67.08,3.8221,4060.0
2019-02-19,66.45,3.8311,4057.0
2019-02-15,66.25,3.8326,4004.0
2019-02-14,64.57,3.8516,3987.0
2019-02-13,63.61,3.8261,3962.0
2019-02-12,62.42,3.838,3948.0
2019-02-08,62.1,3.804,3930.0
2019-02-07,61.63,3.7919,3919.0
2019-02-06,62.69,3.7706,3913.0
2019-02-05,61.98,3.7542,3913.0
2019-02-01,62.75,3.7243,3898.0
2019-01-31,61.89,3.7271,3884.0
2019-01-30,61.65,3.7577,3881.0
2019-01-29,61.32,3.7563,3884.0
2019-01-25,61.64,3.7893,3898.0
2019-01-24,61.09,3.7844,3906.0
2019-01-23,61.14,3.7747,3905.0
2019-01-22,61.5,3.7727,3901.0
2019-01-18,62.7,3.7694,3879.0
2019-01-17,61.18,3.7615,3878.0
2019-01-16,61.32,3.7619,3879.0
2019-01-15,60.64,3.7542,3878.0
2019-01-11,60.48,3.7289,3850.0
2019-01-10,61.68,3.736,3820.0
2019-01-09,61.44,3.7509,3790.0
2019-01-08,58.72,3.7559,3765.0
2019-01-04,57.06,3.772,3710.0
2019-01-03,55.95,3.7827,3701.0
2018-12-28,52.2,3.755,3694.0
2018-12-24,50.47,3.7588,3751.0
2018-12-21,53.82,3.7528,3795.0
2018-12-20,54.35,3.7331,3833.0
2018-12-19,57.24,3.7619,3851.0
2018-12-18,56.26,3.7668,3870.0
2018-12-14,60.28,3.8095,3889.0
2018-12-13,61.45,3.7739,3906.0
2018-12-12,60.15,3.7934,3905.0
2018-12-11,60.2,3.7763,3922.0
2018-12-07,61.67,3.7694,3917.0
2018-12-06,60.06,3.7844,3932.0
2018-12-05,61.56,3.7832,3884.0
2018-12-04,62.08,3.7516,3874.0
2018-11-30,58.71,3.7731,3895.0
2018-11-29,59.51,3.7728,3915.0
2018-11-28,58.76,3.8114,3944.0
2018-11-27,60.21,3.7948,3939.0
2018-11-23,58.8,3.7779,4006.0
2018-11-22,62.6,3.7764,4046.0
2018-11-21,63.48,3.7829,4078.0
2018-11-20,62.53,3.79,4107.0
2018-11-16,66.76,3.7876,4148.0
2018-11-15,66.62,3.8074,4175.0
2018-11-14,66.12,3.8114,4175.0
2018-11-09,70.18,3.7838,4194.0
2018-11-08,70.65,3.7599,4206.0
2018-11-07,72.07,3.7398,4227.0
2018-11-06,72.13,3.7802,4224.0
2018-11-02,72.83,3.7804,4289.0
2018-10-31,75.47,3.8203,4274.0
2018-10-30,75.91,3.8062,4273.0
2018-10-26,77.62,3.7899,4224.0
2018-10-25,76.89,3.7796,4221.0
2018-10-24,76.17,3.7698,4228.0
2018-10-23,76.44,3.7485,4238.0
2018-10-19,79.78,3.7601,4210.0
2018-10-18,79.29,3.7302,4208.0
2018-10-17,80.05,3.7123,4227.0
2018-10-16,81.41,3.7036,4242.0
2018-10-12,80.43,3.713,4313.0
2018-10-11,80.26,3.7399,4332.0
2018-10-10,83.09,3.7507,4337.0
2018-10-09,85.0,3.7629,4332.0
2018-10-05,84.16,3.7518,4319.0
2018-10-04,84.58,3.7512,4295.0
2018-10-03,86.29,3.7103,4239.0
2018-10-02,84.8,3.7326,4212.0
2018-09-28,82.72,3.6754,4162.0
2018-09-27,81.72,3.6557,4143.0
2018-09-26,81.34,3.643,4118.0
2018-09-25,81.87,3.6511,4097.0
2018-09-21,78.8,3.6402,4089.0
2018-09-20,78.7,3.6702,4089.0
2018-09-19,79.4,3.6685,4091.0
2018-09-18,79.03,3.6817,4087.0
2018-09-14,78.09,3.6817,4118.0
2018-09-13,78.18,3.713,4124.0
2018-09-12,79.74,3.7198,4106.0
2018-09-11,79.06,3.7087,4103.0
2018-09-07,76.83,3.6995,4122.0
2018-09-06,76.5,3.7143,4129.0
2018-09-05,77.27,3.733,4129.0
2018-09-04,78.17,3.7241,4109.0
2018-08-31,77.42,3.6808,4082.0
2018-08-30,77.77,3.6724,4073.0
2018-08-29,77.14,3.6747,4068.0
2018-08-24,75.82,3.7014,4034.0
2018-08-23,74.73,3.7069,4025.0
2018-08-22,74.78,3.7104,4015.0
2018-08-21,72.63,3.7375,4020.0
2018-08-17,71.83,3.7784,4026.0
2018-08-14,72.46,3.7768,4028.0
2018-08-10,72.81,3.7481,3985.0
2018-08-09,72.07,3.6846,3993.0
2018-08-08,72.28,3.6782,4006.0
2018-08-07,74.65,3.6722,3996.0
2018-08-03,73.21,3.6926,3977.0
2018-08-02,73.45,3.6783,3983.0
2018-08-01,72.39,3.6603,4017.0
2018-07-31,74.25,3.6481,4025.0
2018-07-27,74.29,3.6937,4015.0
2018-07-26,74.54,3.6649,4008.0
2018-07-25,73.93,3.6793,4000.0
2018-07-24,73.44,3.702,3986.0
2018-07-20,73.07,3.717,3950.0
2018-07-19,72.58,3.7163,3932.0
2018-07-18,72.9,3.7031,3948.0
2018-07-17,72.16,3.6619,3969.0
2018-07-13,75.33,3.7244,4016.0
2018-07-12,74.45,3.7055,4042.0
2018-07-11,73.4,3.7,4056.0
2018-07-10,78.86,3.6973,4053.0
2018-07-06,77.11,3.7222,4076.0
2018-07-05,77.39,3.7485,4075.0
2018-07-04,78.24,3.7759,4072.0
2018-07-03,77.76,3.7723,4077.0
2018-06-29,79.44,3.744,4042.0
2018-06-28,77.85,3.7705,4005.0
2018-06-27,77.62,3.7351,3977.0
2018-06-26,76.31,3.7151,3974.0
2018-06-22,75.55,3.6977,3991.0
2018-06-21,73.05,3.7607,4007.0
2018-06-20,74.74,3.7352,3993.0
2018-06-19,75.08,3.7316,3988.0
2018-06-15,73.44,3.6922,4000.0
2018-06-14,75.94,3.6155,4012.0
2018-06-13,76.74,3.6461,4005.0
2018-06-12,75.88,3.6271,4000.0
2018-06-08,76.46,3.6479,3983.0
2018-06-07,77.32,3.6062,3993.0
2018-06-06,75.36,3.647,4038.0
2018-06-05,75.38,3.6569,4069.0
2018-05-25,76.44,3.6686,4130.0
2018-05-24,78.79,3.659,4122.0
2018-05-23,79.8,3.6693,4114.0
2018-05-22,79.57,3.6252,4111.0
2018-05-18,78.51,3.6385,4082.0
2018-05-17,79.3,3.6283,4043.0
2018-05-16,79.28,3.6241,4025.0
2018-05-15,78.43,3.5931,4010.0
2018-05-11,77.12,3.5708,3982.0
2018-05-10,77.47,3.5773,3954.0
2018-05-09,77.21,3.609,3913.0
2018-04-27,74.64,3.5003,3853.0
2018-04-26,74.74,3.4827,3822.0
2018-04-25,74.0,3.4548,3801.0
2018-04-24,73.86,3.4401,3783.0
2018-04-20,74.06,3.3881,3745.0
2018-04-19,73.78,3.3693,3738.0
2018-04-18,73.48,3.3721,3739.0
2018-04-17,71.58,3.3572,3755.0
2018-04-13,72.58,3.3862,3764.0
2018-04-12,72.02,3.3924,3744.0
2018-04-11,72.06,3.3859,3711.0
2018-04-10,71.04,3.4068,3696.0
2018-04-06,67.11,3.4315,3700.0
2018-04-05,68.33,3.4301,3700.0
2018-04-04,68.02,3.4224,3702.0
2018-03-29,70.27,3.4201,3694.0
2018-03-28,69.53,3.3956,3696.0
2018-03-27,70.11,3.3921,3682.0
2018-03-23,70.45,3.4319,3667.0
2018-03-22,68.91,3.4264,3646.0
2018-03-21,69.47,3.4544,3613.0
2018-03-20,67.42,3.4296,3594.0
2018-03-16,66.21,3.4214,3566.0
2018-03-15,65.12,3.4117,3562.0
2018-03-14,64.89,3.4055,3562.0
2018-03-13,64.64,3.4143,3558.0
2018-03-09,65.49,3.4132,3541.0
2018-03-08,63.61,3.3935,3543.0
2018-03-07,64.34,3.3744,3550.0
2018-03-06,65.79,3.3936,3545.0
2018-03-02,64.37,3.42,3563.0
2018-03-01,63.83,3.4356,3586.0
2018-02-28,65.78,3.4188,3592.0
2018-02-27,66.63,3.3816,3590.0
2018-02-23,67.31,3.3911,3537.0
2018-02-22,66.39,3.4009,3523.0
2018-02-21,65.42,3.3697,3506.0
2018-02-20,65.25,3.3597,3482.0
2018-02-16,64.84,3.3173,3450.0
2018-02-15,64.33,3.3259,3457.0
2018-02-14,64.36,3.3769,3470.0
2018-02-13,62.72,3.3916,3499.0
2018-02-09,62.79,3.4263,3533.0
2018-02-08,64.81,3.4119,3553.0
2018-02-07,65.51,3.3677,3573.0
2018-02-06,66.86,3.3498,3587.0
2018-02-02,68.58,3.3329,3588.0
2018-02-01,69.65,3.3346,3585.0
2018-01-31,69.05,3.3318,3599.0
2018-01-30,69.02,3.3442,3610.0
2018-01-26,70.52,3.3299,3619.0
2018-01-25,70.42,3.3376,3617.0
2018-01-24,70.53,3.375,3617.0
2018-01-23,69.96,3.4084,3613.0
2018-01-19,68.61,3.3994,3624.0
2018-01-18,69.31,3.4108,3630.0
2018-01-17,69.38,3.4109,3637.0
2018-01-16,69.15,3.419,3656.0
2018-01-12,69.87,3.4366,3692.0
2018-01-11,69.26,3.495,3676.0
2018-01-10,69.2,3.4999,3658.0
2018-01-09,68.82,3.4992,3649.0
2018-01-05,67.62,3.4488,3663.0
2018-01-04,68.07,3.4472,3661.0
2018-01-03,67.84,3.4616,3656.0
2017-12-29,66.87,3.4813,3665.0
2017-12-28,66.72,3.5046,3650.0
2017-12-22,65.25,3.5393,3633.0
2017-12-21,64.9,3.5369,3631.0
2017-12-20,64.56,3.5459,3628.0
2017-12-19,63.8,3.5583,3632.0
2017-12-15,63.23,3.5786,3629.0
2017-12-14,63.31,3.5716,3633.0
2017-12-13,62.44,3.588,3636.0
2017-12-12,63.34,3.5708,3603.0
2017-12-08,63.4,3.5808,3572.0
2017-12-07,62.2,3.5722,3575.0
2017-12-06,61.22,3.5653,3593.0
2017-12-05,62.86,3.5454,3598.0
2017-12-01,63.73,3.5352,3603.0
2017-11-30,63.57,3.5543,3607.0
2017-11-29,63.11,3.5385,3612.0
2017-11-28,63.61,3.5382,3613.0
2017-11-24,63.86,3.5486,3627.0
2017-11-23,63.55,3.5557,3631.0
2017-11-22,63.32,3.5881,3629.0
2017-11-21,62.57,3.606,3626.0
2017-11-17,62.72,3.5965,3624.0
2017-11-16,61.36,3.5958,3633.0
2017-11-15,61.87,3.5886,3650.0
2017-11-14,62.21,3.6126,3672.0
2017-11-10,63.52,3.6274,3661.0
2017-11-09,63.93,3.6466,3656.0
2017-11-08,63.49,3.6595,3642.0
2017-11-07,63.69,3.6652,3617.0
2017-11-03,62.07,3.6408,3604.0
2017-10-31,61.37,3.6529,3593.0
2017-10-27,60.44,3.6568,3541.0
2017-10-26,59.3,3.5939,3535.0
2017-10-25,58.44,3.6006,3527.0
2017-10-20,57.75,3.5966,3535.0
2017-10-19,57.23,3.5896,3544.0
2017-10-18,58.15,3.6006,3551.0
2017-10-17,57.88,3.5964,3536.0
2017-10-13,57.17,3.601,3518.0
2017-10-12,56.25,3.6,3524.0
2017-10-11,56.94,3.6219,3535.0
2017-10-10,56.61,3.6468,3538.0
2017-10-06,55.62,3.6799,3557.0
2017-10-05,57.0,3.6502,3547.0
2017-10-04,55.8,3.6597,3566.0
2017-10-03,56.0,3.6737,3588.0
2017-09-29,57.54,3.6519,3597.0
2017-09-28,57.41,3.6682,3583.0
2017-09-27,57.9,3.665,3559.0
2017-09-26,58.44,3.6234,3553.0
2017-09-22,56.86,3.5651,3527.0
2017-09-21,56.43,3.5975,3515.0
2017-09-20,56.29,3.5619,3508.0
2017-09-19,55.14,3.5821,3509.0
2017-09-15,55.62,3.5863,3493.0
2017-09-14,55.47,3.5984,3480.0
2017-09-13,55.16,3.5627,3468.0
2017-09-12,54.27,3.5552,3479.0
2017-09-08,53.78,3.5239,3491.0
2017-09-07,54.49,3.5511,3477.0
2017-09-06,54.2,3.5538,3469.0
2017-09-05,53.38,3.5642,3453.0
2017-09-01,52.75,3.5693,3411.0
2017-08-31,52.38,3.5822,3395.0
2017-08-30,50.86,3.5678,3385.0
2017-08-25,52.41,3.6112,3393.0
2017-08-24,52.04,3.6329,3381.0
2017-08-23,52.57,3.6274,3375.0
2017-08-22,51.87,3.6334,3367.0
2017-08-18,52.72,3.6459,3360.0
2017-08-17,51.03,3.6258,3380.0
2017-08-11,52.1,3.6449,3405.0
2017-08-10,51.9,3.6432,3391.0
2017-08-09,52.7,3.6342,3389.0
2017-08-08,52.14,3.6027,3389.0
2017-08-04,52.42,3.5702,3400.0
2017-08-03,52.01,3.5918,3398.0
2017-08-02,52.36,3.5863,3398.0
2017-08-01,51.78,3.5991,3402.0
2017-07-28,52.52,3.6406,3367.0
2017-07-27,51.49,3.6366,3343.0
2017-07-26,50.97,3.6661,3359.0
2017-07-25,50.2,3.6519,3360.0
2017-07-21,48.06,3.632,3377.0
2017-07-20,49.3,3.6604,3367.0
2017-07-19,49.7,3.6486,3367.0
2017-07-18,48.84,3.6469,3369.0
2017-07-14,48.91,3.6986,3355.0
2017-07-13,48.42,3.7133,3346.0
2017-07-12,47.74,3.7034,3344.0
2017-07-11,47.52,3.7235,3346.0
2017-07-07,46.71,3.7068,3386.0
2017-07-06,48.11,3.7351,3379.0
2017-07-05,47.79,3.7471,3379.0
2017-07-04,49.61,3.7372,3346.0
2017-06-30,47.92,3.7062,3329.0
2017-06-29,47.42,3.7122,3288.0
2017-06-28,47.31,3.7249,3285.0
2017-06-27,46.65,3.7442,3261.0
2017-06-23,45.54,3.7824,3273.0
2017-06-22,45.22,3.8002,3264.0
2017-06-21,44.82,3.809,3249.0
2017-06-20,46.02,3.7862,3249.0
2017-06-14,47.0,3.7497,3247.0
2017-06-13,48.72,3.7379,3250.0
2017-06-09,48.15,3.7465,3240.0
2017-06-08,47.86,3.74,3243.0
2017-06-07,48.06,3.7241,3260.0
2017-06-06,50.12,3.725,3281.0
2017-06-02,49.95,3.7323,3322.0
2017-06-01,50.63,3.7262,3334.0
2017-05-31,50.31,3.7354,3359.0
2017-05-26,52.15,3.7248,3401.0
2017-05-25,51.46,3.7177,3412.0
2017-05-24,53.96,3.7535,3405.0
2017-05-23,54.15,3.7354,3410.0
2017-05-19,53.61,3.7735,3391.0
2017-05-18,52.51,3.7926,3387.0
2017-05-17,52.21,3.7808,3385.0
2017-05-16,51.65,3.7932,3392.0
2017-05-12,50.84,3.8837,3364.0
2017-05-11,50.77,3.8744,3339.0
2017-05-10,50.22,3.8777,3326.0
2017-05-09,48.73,3.8741,3319.0
2017-05-05,49.1,3.849,3347.0
2017-04-28,51.73,3.8696,3421.0
2017-04-27,51.44,3.8776,3433.0
2017-04-26,51.82,3.8757,3474.0
2017-04-25,52.1,3.8873,3496.0
2017-04-21,51.96,3.9841,3547.0
2017-04-20,52.99,3.9588,3562.0
2017-04-19,52.93,3.9571,3572.0
2017-04-13,55.89,3.9886,3591.0
2017-04-12,55.86,4.0026,3579.0
2017-04-11,56.23,4.0009,3562.0
2017-04-07,55.24,3.9755,3527.0
2017-04-06,54.89,3.9792,3511.0
2017-04-05,54.36,3.9783,3495.0
2017-04-04,54.17,3.989,3465.0
2017-03-31,52.83,3.9455,3445.0
2017-03-30,52.96,3.9402,3420.0
2017-03-29,52.42,3.9265,3411.0
2017-03-28,51.33,3.9169,3406.0
2017-03-24,50.8,3.9481,3417.0
2017-03-23,50.56,3.9687,3427.0
2017-03-22,50.64,3.9731,3437.0
2017-03-21,50.96,3.9502,3447.0
2017-03-17,51.76,3.9917,3455.0
2017-03-16,51.74,4.03,3464.0
2017-03-15,51.81,4.0646,3467.0
2017-03-14,50.92,4.0697,3487.0
2017-03-10,51.37,4.0761,3557.0
2017-03-09,52.19,4.0864,3585.0
2017-03-08,53.11,4.0818,3591.0
2017-03-07,55.92,4.0803,3589.0
2017-03-03,55.9,4.0955,3602.0
2017-03-02,55.08,4.0765,3610.0
2017-03-01,56.36,4.0756,3604.0
2017-02-28,55.59,4.077,3613.0
2017-02-24,55.99,4.0681,3617.0
2017-02-23,56.58,4.084,3606.0
2017-02-22,55.84,4.0899,3612.0
2017-02-21,56.66,4.0942,3599.0
2017-02-17,55.81,4.0693,3597.0
2017-02-16,55.65,4.0567,3601.0
2017-02-15,55.75,4.0752,3596.0
2017-02-14,55.97,4.0525,3593.0
2017-02-13,55.59,4.0496,3599.0
2017-02-10,56.7,4.0435,3586.0
2017-02-09,55.63,4.0332,3585.0
2017-02-08,55.12,4.0521,3584.0
2017-02-07,55.05,4.028,3590.0
2017-02-03,56.81,4.0014,3593.0
2017-02-02,56.56,3.9835,3599.0
2017-02-01,56.8,4.0071,3597.0
2017-01-31,55.7,4.0446,3600.0
2017-01-27,55.52,4.0595,3611.0
2017-01-26,56.24,4.059,3604.0
2017-01-25,55.08,4.0585,3604.0
2017-01-24,55.44,4.0708,3588.0
2017-01-20,55.49,4.1005,3594.0
2017-01-19,54.16,4.1014,3604.0
2017-01-18,53.92,4.087,3613.0
2017-01-17,55.47,4.0989,3615.0
2017-01-13,55.45,4.1084,3627.0
2017-01-12,56.01,4.1103,3629.0
2017-01-11,55.1,4.1465,3636.0
2017-01-10,53.64,4.127,3660.0
2017-01-05,56.89,4.1667,3699.0
2017-01-04,56.46,4.2037,3709.0
2016-12-30,56.82,4.1793,3719.0
2016-12-29,56.14,4.2161,3704.0
2016-12-23,55.16,4.2199,3698.0
2016-12-22,55.05,4.2222,3703.0
2016-12-21,54.46,4.2484,3707.0
2016-12-20,55.35,4.2493,3685.0
2016-12-16,55.21,4.2296,3672.0
2016-12-15,54.02,4.2329,3676.0
2016-12-14,53.9,4.1768,3678.0
2016-12-13,55.72,4.1905,3640.0
2016-12-09,54.33,4.1772,3599.0
2016-12-08,53.89,4.1107,3627.0
2016-12-07,53.0,4.1268,3643.0
2016-12-06,53.93,4.1825,3651.0
2016-12-02,54.46,4.215,3546.0
2016-12-01,53.94,4.1987,3503.0
2016-11-30,50.47,4.1721,3487.0
2016-11-29,46.38,4.1827,3506.0
2016-11-25,47.24,4.1628,3522.0
2016-11-24,49.0,4.188,3513.0
2016-11-23,48.95,4.1588,3508.0
2016-11-22,49.12,4.1507,3483.0
2016-11-18,46.86,4.1968,3417.0
2016-11-17,46.49,4.1375,3383.0
2016-11-16,46.63,4.138,3364.0
2016-11-15,46.95,4.0837,3342.0
2016-11-10,45.84,3.9856,3336.0
2016-11-09,46.36,3.9305,3333.0
2016-11-08,46.04,3.9169,3331.0
2016-11-04,45.58,3.8862,3354.0
2016-11-03,46.35,3.8965,3395.0
2016-10-28,49.71,3.9696,3510.0
2016-10-27,50.47,3.976,3501.0
2016-10-26,49.98,3.9517,3509.0
2016-10-25,50.79,3.9543,3517.0
2016-10-21,51.78,3.98,3522.0
2016-10-20,51.38,3.9359,3538.0
2016-10-19,52.67,3.9285,3493.0
2016-10-18,51.68,3.9148,3497.0
2016-10-14,51.95,3.8965,3508.0
2016-10-13,52.03,3.9164,3487.0
2016-10-12,51.81,3.8851,3486.0
2016-10-11,52.41,3.8487,3487.0
2016-10-07,51.93,3.8505,3480.0
2016-10-06,52.51,3.8405,3458.0
2016-10-05,51.86,3.8307,3439.0
2016-10-04,50.87,3.8472,3403.0
2016-09-30,49.06,3.8558,3392.0
2016-09-29,49.24,3.8354,3331.0
2016-09-28,48.69,3.8264,3344.0
2016-09-27,45.97,3.8227,3358.0
2016-09-23,45.89,3.8328,3356.0
2016-09-22,47.65,3.8128,3368.0
2016-09-21,46.83,3.8601,3355.0
2016-09-20,45.88,3.8438,3366.0
2016-09-16,45.77,3.8497,3360.0
2016-09-15,46.59,3.8587,3370.0
2016-09-14,45.85,3.8716,3381.0
2016-09-13,47.1,3.8734,3386.0
2016-09-09,48.01,3.8385,3394.0
2016-09-08,49.99,3.8255,3366.0
2016-09-07,47.98,3.8515,3369.0
2016-09-06,47.26,3.8869,3377.0
2016-09-02,46.83,3.9164,3369.0
2016-09-01,45.45,3.9116,3382.0
2016-08-31,47.04,3.9082,3371.0
2016-08-26,49.92,3.8328,3346.0
2016-08-25,49.67,3.819,3338.0
2016-08-24,49.05,3.8174,3342.0
2016-08-23,49.96,3.8061,3338.0
2016-08-19,50.88,3.7905,3315.0
2016-08-18,50.89,3.7826,3292.0
2016-08-17,49.85,3.8075,3280.0
2016-08-12,46.97,3.8219,3202.0
2016-08-11,46.04,3.8297,3191.0
2016-08-10,44.05,3.825,3181.0
2016-08-09,44.98,3.8482,3162.0
2016-08-05,44.27,3.8542,3121.0
2016-08-04,44.29,3.8588,3113.0
2016-08-03,43.1,3.8516,3125.0
2016-08-02,41.8,3.882,3144.0
2016-07-29,42.46,3.9364,3196.0
2016-07-28,42.7,3.9389,3215.0
2016-07-27,43.47,3.9739,3226.0
2016-07-26,44.87,3.9682,3249.0
2016-07-22,45.69,3.9504,3288.0
2016-07-21,46.2,3.9685,3279.0
2016-07-20,47.17,3.979,3269.0
2016-07-19,46.66,3.9582,3269.0
2016-07-15,47.61,3.9598,3279.0
2016-07-14,47.37,3.9681,3290.0
2016-07-13,46.26,3.9809,3310.0
2016-07-12,48.47,3.9807,3315.0
2016-07-08,46.76,4.0001,3333.0
2016-07-07,46.4,4.0036,3348.0
2016-07-06,48.8,4.0225,3359.0
2016-07-05,47.96,3.9963,3377.0
2016-07-01,50.35,3.9548,3399.0
2016-06-30,49.68,3.9803,3383.0
2016-06-29,50.61,3.9905,3372.0
2016-06-28,48.58,4.003,3375.0
2016-06-24,48.41,3.9994,3374.0
2016-06-23,50.91,3.8593,3377.0
2016-06-22,49.88,3.8945,3369.0
2016-06-21,50.62,3.8741,3354.0
2016-06-17,49.17,3.9412,3366.0
2016-06-16,47.19,3.9469,3393.0
2016-06-15,48.97,3.9351,3395.0
2016-06-14,49.83,3.9483,3395.0
2016-06-10,50.54,3.8545,3397.0
2016-06-09,51.95,3.8126,3389.0
2016-06-08,52.51,3.815,3385.0
2016-06-07,51.44,3.8298,3392.0
2016-06-03,49.64,3.9384,3411.0
2016-06-02,50.04,3.9204,3413.0
2016-06-01,49.72,3.935,3415.0
2016-05-25,49.74,3.9684,3396.0
2016-05-24,48.61,3.9789,3367.0
2016-05-20,48.72,3.9358,3352.0
2016-05-19,48.81,3.9161,3354.0
2016-05-18,48.93,3.9005,3326.0
2016-05-17,49.28,3.8508,3301.0
2016-05-13,47.83,3.8775,3239.0
2016-05-12,48.08,3.8811,3229.0
2016-05-11,47.6,3.8855,3185.0
2016-05-10,45.52,3.8853,3195.0
2016-05-06,45.37,3.8732,3186.0
2016-05-05,45.01,3.8475,3206.0
2016-04-29,48.13,3.8738,3225.0
2016-04-28,48.14,3.8695,3203.0
2016-04-27,47.18,3.8793,3188.0
2016-04-26,45.74,3.8935,3170.0
2016-04-22,45.11,3.8399,3128.0
2016-04-21,44.53,3.7981,3106.0
2016-04-20,45.8,3.7842,3091.0
2016-04-19,44.03,3.7925,3093.0
2016-04-15,43.1,3.8176,3091.0
2016-04-14,43.84,3.8174,3067.0
2016-04-13,44.18,3.7771,3070.0
2016-04-12,44.69,3.749,3032.0
2016-04-08,41.94,3.7701,2957.0
2016-04-07,39.43,3.7414,2960.0
2016-04-06,39.84,3.751,2960.0
2016-04-05,37.87,3.7337,3002.0
2016-04-01,38.67,3.7193,3039.0
2016-03-31,39.6,3.759,3045.0
2016-03-30,39.26,3.7495,3060.0
2016-03-24,40.44,3.824,3101.0
2016-03-23,40.47,3.801,3112.0
2016-03-22,41.79,3.8005,3110.0
2016-03-18,41.2,3.7882,3096.0
2016-03-17,41.54,3.8037,3079.0
2016-03-16,40.33,3.8749,3079.0
2016-03-15,38.74,3.8649,3094.0
2016-03-11,40.39,3.8903,3105.0
2016-03-10,40.05,3.932,3102.0
2016-03-09,41.07,3.9395,3080.0
2016-03-08,39.65,3.9333,3054.0
2016-03-04,38.72,3.9545,3025.0
2016-03-03,37.07,3.9805,3010.0
2016-03-02,36.93,3.9861,2996.0
2016-03-01,36.81,3.9924,2980.0
2016-02-26,35.1,3.9545,2949.0
2016-02-25,35.29,3.9705,2943.0
2016-02-24,34.41,3.9803,2941.0
2016-02-23,33.27,3.9671,2963.0
2016-02-19,33.01,3.9531,2962.0
2016-02-18,34.28,3.9416,2939.0
2016-02-17,34.5,3.9431,2921.0
2016-02-16,32.18,3.9404,2900.0
2016-02-12,33.36,3.9074,2871.0
2016-02-11,30.06,3.9219,2903.0
2016-02-10,30.84,3.9383,2937.0
2016-02-09,30.32,3.9771,2962.0
2016-02-05,34.06,3.942,2960.0
2016-02-04,34.46,3.9492,2954.0
2016-02-03,35.04,4.0325,2956.0
2016-02-02,32.72,4.0333,2975.0
2016-01-29,34.74,4.0723,2960.0
2016-01-28,33.89,4.0872,2930.0
2016-01-27,33.1,4.1144,2911.0
2016-01-26,31.8,4.1475,2898.0
2016-01-22,32.18,4.1031,2825.0
2016-01-21,29.25,4.1303,2835.0
2016-01-20,27.88,4.0877,2867.0
2016-01-19,28.76,4.0917,2874.0
2016-01-15,28.94,4.0411,2886.0
2016-01-14,31.03,3.999,2900.0
2016-01-13,30.31,4.0068,2920.0
2016-01-12,30.86,4.017,2961.0
2016-01-08,33.55,3.9963,3030.0
2016-01-05,36.42,4.0073,3014.0
2015-12-31,37.28,3.9011,3040.0
2015-12-30,36.46,3.8801,3050.0
2015-12-24,37.89,3.8695,3037.0
2015-12-23,37.36,3.8872,3046.0
2015-12-22,36.11,3.8787,3053.0
2015-12-18,36.88,3.9558,3049.0
2015-12-17,37.06,3.9646,3038.0
2015-12-16,37.19,3.9644,3041.0
2015-12-15,38.45,3.9523,3064.0
2015-12-11,37.93,3.9718,3153.0
2015-12-10,39.73,3.9601,3178.0
2015-12-09,40.11,3.9705,3213.0
2015-12-08,40.26,3.9877,3251.0
2015-12-04,43.0,3.9607,3288.0
2015-12-03,43.84,4.04,3311.0
2015-12-02,42.49,4.0305,3339.0
2015-12-01,44.44,4.0248,3361.0
2015-11-27,44.86,4.0333,3376.0
2015-11-26,45.46,4.0298,3383.0
2015-11-25,46.17,4.0215,3374.0
2015-11-24,46.12,4.0021,3363.0
2015-11-20,44.66,3.9706,3357.0
2015-11-19,44.18,3.9754,3340.0
2015-11-18,44.14,3.9802,3340.0
2015-11-17,43.57,3.9775,3349.0
2015-11-13,43.61,3.9388,3412.0
2015-11-10,47.44,3.957,3437.0
2015-11-06,47.42,3.9075,3442.0
2015-11-05,47.98,3.8925,3435.0
2015-11-04,48.58,3.8876,3430.0
2015-11-03,50.54,3.8678,3419.0
2015-10-30,49.56,3.8748,3396.0
2015-10-29,48.8,3.8974,3381.0
2015-10-28,49.05,3.8826,3364.0
2015-10-27,46.81,3.8669,3364.0
2015-10-23,47.99,3.82,3331.0
2015-10-22,48.08,3.7806,3321.0
2015-10-21,47.85,3.7627,3324.0
2015-10-20,48.71,3.7385,3322.0
2015-10-16,50.46,3.7243,3329.0
2015-10-15,48.71,3.6948,3362.0
2015-10-14,49.15,3.7129,3400.0
2015-10-13,49.24,3.7199,3435.0
2015-10-09,52.65,3.7242,3469.0
2015-10-08,53.05,3.7543,3465.0
2015-10-07,51.33,3.7604,3439.0
2015-10-06,51.92,3.789,3418.0
2015-10-02,48.13,3.8028,3414.0
2015-10-01,47.69,3.8005,3399.0
2015-09-30,48.37,3.7754,3403.0
2015-09-29,48.23,3.7799,3403.0
2015-09-25,48.6,3.7818,3409.0
2015-09-24,48.17,3.7687,3397.0
2015-09-23,47.75,3.7801,3363.0
2015-09-22,49.08,3.7438,3363.0
2015-09-18,47.47,3.6738,3370.0
2015-09-17,49.08,3.7129,3370.0
2015-09-16,49.75,3.7315,3347.0
2015-09-15,46.63,3.7238,3363.0
2015-09-11,48.14,3.7264,3426.0
2015-09-10,48.89,3.7648,3422.0
2015-09-09,47.58,3.7634,3443.0
2015-09-08,49.52,3.7878,3456.0
2015-09-04,49.61,3.7952,3434.0
2015-09-03,50.68,3.7645,3414.0
2015-09-02,50.5,3.7626,3385.0
2015-08-28,50.05,3.7493,3283.0
2015-08-27,47.56,3.745,3260.0
2015-08-26,43.14,3.6937,3266.0
2015-08-25,43.21,3.6613,3294.0
2015-08-21,45.46,3.7308,3386.0
2015-08-20,46.62,3.7659,3401.0
2015-08-19,47.16,3.7718,3419.0
2015-08-18,48.81,3.7578,3416.0
2015-08-14,49.03,3.7557,3433.0
2015-08-13,49.22,3.7625,3439.0
2015-08-12,49.66,3.7805,3431.0
2015-08-11,49.18,3.8087,3439.0
2015-08-07,48.61,3.8326,3425.0
2015-08-06,49.52,3.8385,3427.0
2015-08-05,49.59,3.8359,3417.0
2015-08-04,49.99,3.7792,3439.0
2015-07-31,52.21,3.7929,3474.0
2015-07-30,53.31,3.7754,3471.0
2015-07-29,53.38,3.7471,3467.0
2015-07-28,53.3,3.7303,3496.0
2015-07-24,54.62,3.7654,3543.0
2015-07-23,55.27,3.7559,3550.0
2015-07-22,56.13,3.7629,3550.0
2015-07-21,57.04,3.7875,3556.0
2015-07-17,57.1,3.7676,3574.0
2015-07-16,57.51,3.7694,3588.0
2015-07-15,57.05,3.747,3602.0
2015-07-14,58.51,3.7645,3623.0
2015-07-10,58.73,3.7709,3620.0
2015-07-09,58.61,3.829,3616.0
2015-07-08,57.05,3.8225,3636.0
2015-07-07,56.85,3.8313,3688.0
2015-07-03,60.32,3.7726,3736.0
2015-07-02,62.07,3.7859,3726.0
2015-07-01,62.01,3.7625,3722.0
2015-06-30,63.59,3.7645,3716.0
2015-06-26,63.26,3.7275,3725.0
2015-06-25,63.2,3.7305,3710.0
2015-06-24,63.49,3.7103,3692.0
2015-06-23,64.45,3.704,3686.0
2015-06-19,63.02,3.6879,3711.0
2015-06-18,64.26,3.6556,3704.0
2015-06-17,63.87,3.6873,3708.0
2015-06-16,63.7,3.6933,3717.0
2015-06-12,63.87,3.7094,3730.0
2015-06-11,65.11,3.6817,3723.0
2015-06-10,65.7,3.676,3697.0
2015-06-09,64.88,3.6975,3679.0
2015-06-03,63.8,3.7108,3783.0
2015-06-02,65.49,3.7676,3758.0
2015-05-29,65.56,3.7671,3740.0
2015-05-28,62.58,3.7858,3748.0
2015-05-27,62.06,3.7906,3760.0
2015-05-22,65.37,3.669,3726.0
2015-05-21,66.54,3.6605,3704.0
2015-05-20,65.03,3.6538,3704.0
2015-05-19,64.02,3.6152,3723.0
2015-05-15,66.81,3.5719,3753.0
2015-05-14,66.59,3.5921,3738.0
2015-05-13,66.81,3.63,3712.0
2015-05-12,66.86,3.6447,3698.0
2015-05-08,65.39,3.6095,3751.0
2015-05-07,65.54,3.583,3748.0
2015-05-06,67.77,3.6116,3726.0
2015-04-30,66.78,3.5987,3706.0
2015-04-29,65.84,3.6396,3708.0
2015-04-28,64.64,3.6751,3723.0
2015-04-24,65.28,3.6895,3695.0
2015-04-23,64.85,3.7371,3681.0
2015-04-22,62.73,3.7125,3691.0
2015-04-21,62.08,3.7275,3703.0
2015-04-17,63.45,3.7277,3686.0
2015-04-16,63.98,3.7746,3664.0
2015-04-15,60.32,3.7875,3641.0
2015-04-14,58.43,3.8001,3611.0
2015-04-10,57.87,3.7894,3574.0
2015-04-09,56.57,3.7414,3568.0
2015-04-08,55.55,3.7135,3587.0
2015-04-02,54.95,3.7524,3590.0
2015-04-01,57.1,3.789,3598.0
2015-03-31,55.11,3.8125,3601.0
2015-03-27,56.41,3.789,3575.0
2015-03-26,59.19,3.705,3579.0
2015-03-25,56.48,3.7355,3604.0
2015-03-24,55.11,3.7453,3617.0
2015-03-20,55.32,3.8645,3607.0
2015-03-19,54.43,3.8596,3606.0
2015-03-18,55.91,3.9073,3607.0
2015-03-17,53.51,3.9034,3634.0
2015-03-13,54.67,3.9141,3689.0
2015-03-12,57.08,3.8928,3700.0
2015-03-11,57.54,3.9091,3698.0
2015-03-10,56.39,3.8345,3712.0
2015-03-06,59.73,3.7649,3707.0
2015-03-05,60.48,3.7525,3704.0
2015-03-04,60.55,3.7485,3718.0
2015-03-03,61.02,3.719,3707.0
2015-02-27,62.58,3.698,3687.0
2015-02-26,60.05,3.6519,3689.0
2015-02-25,61.63,3.6649,3697.0
2015-02-24,58.66,3.6948,3680.0
2015-02-20,60.22,3.6895,3664.0
2015-02-19,60.21,3.6631,3686.0
2015-02-18,60.53,3.6784,3695.0
2015-02-17,62.53,3.6788,3683.0
2015-02-13,61.52,3.6552,3621.0
2015-02-12,57.05,3.6926,3606.0
2015-02-11,54.66,3.7094,3611.0
2015-02-10,56.43,3.722,3623.0
2015-02-06,57.8,3.6395,3548.0
2015-02-05,56.57,3.6656,3484.0
2015-02-04,54.16,3.644,3454.0
2015-02-03,57.91,3.6886,3412.0
2015-01-30,52.99,3.7204,3388.0
2015-01-29,49.13,3.7418,3397.0
2015-01-28,48.47,3.7276,3398.0
2015-01-27,49.6,3.7348,3398.0
2015-01-23,48.79,3.7687,3378.0
2015-01-22,48.52,3.6994,3392.0
2015-01-21,49.03,3.7358,3380.0
2015-01-20,47.99,3.7346,3369.0
2015-01-16,50.17,3.7174,3348.0
2015-01-15,47.67,3.6588,3333.0
2015-01-14,48.69,3.6525,3345.0
2015-01-13,46.59,3.6252,3376.0
2015-01-09,50.11,3.6252,3421.0
2015-01-08,50.96,3.6482,3443.0
2014-12-31,57.33,3.5072,3466.0
2014-12-30,57.9,3.5458,3484.0
2014-12-24,60.24,3.529,3487.0
2014-12-23,61.69,3.4937,3477.0
2014-12-19,61.38,3.4791,3465.0
2014-12-18,59.27,3.4428,3447.0
2014-12-17,61.18,3.3928,3426.0
2014-12-16,59.86,3.3522,3450.0
2014-12-12,61.85,3.3639,3533.0
2014-12-11,63.68,3.3611,3541.0
2014-12-10,64.24,3.3572,3590.0
2014-12-09,66.84,3.3688,3605.0
2014-12-05,69.07,3.3619,3650.0
2014-12-04,69.64,3.3728,3670.0
2014-12-03,69.92,3.373,3667.0
2014-12-02,70.54,3.3466,3683.0
2014-11-28,70.15,3.3605,3760.0
2014-11-27,72.58,3.3528,3840.0
2014-11-26,77.75,3.3546,3845.0
2014-11-25,78.33,3.3706,3848.0
2014-11-21,80.36,3.3827,3833.0
2014-11-20,79.33,3.368,3844.0
2014-11-19,78.1,3.3655,3852.0
2014-11-18,78.47,3.3706,3856.0
2014-11-14,79.41,3.3933,3919.0
2014-11-13,77.92,3.386,3981.0
2014-11-07,83.39,3.4084,3954.0
2014-11-06,82.86,3.3769,3953.0
2014-11-05,82.95,3.3887,3948.0
2014-11-04,82.82,3.3776,3981.0
2014-10-31,85.86,3.3459,3961.0
2014-10-30,86.24,3.3592,3952.0
2014-10-29,87.12,3.3192,3939.0
2014-10-28,86.03,3.3295,3936.0
2014-10-24,86.13,3.3387,3938.0
2014-10-23,86.83,3.339,3923.0
2014-10-22,84.71,3.3275,3915.0
2014-10-21,86.22,3.2987,3910.0
2014-10-17,86.16,3.2964,3886.0
2014-10-16,84.47,3.2985,3949.0
2014-10-15,83.78,3.3262,3969.0
2014-10-14,85.04,3.3095,3982.0
2014-10-10,90.21,3.2985,4011.0
2014-10-09,90.05,3.2776,4031.0
2014-10-08,91.38,3.305,4037.0
2014-10-07,92.11,3.3106,4047.0
2014-10-03,92.31,3.3079,4057.0
2014-10-02,93.42,3.3039,4105.0
2014-10-01,94.16,3.3172,4091.0
2014-09-30,94.67,3.2973,4085.0
2014-09-26,97.0,3.2776,4067.0
2014-09-25,97.0,3.2823,4052.0
2014-09-24,96.95,3.2525,4053.0
2014-09-23,96.85,3.243,4074.0
2014-09-19,98.39,3.2507,4096.0
2014-09-18,97.7,3.249,4112.0
2014-09-17,98.97,3.2331,4117.0
2014-09-16,99.05,3.2419,4115.0
2014-09-12,97.11,3.2468,4117.0
2014-09-11,98.08,3.2435,4148.0
2014-09-10,98.04,3.2508,4156.0
2014-09-09,99.16,3.2605,4154.0
2014-09-05,100.82,3.2354,4150.0
2014-09-04,101.83,3.1947,4149.0
2014-09-03,102.77,3.1912,4144.0
2014-09-02,100.34,3.2112,4150.0
2014-08-29,103.19,3.1965,4134.0
2014-08-28,102.46,3.1834,4123.0
2014-08-27,102.72,3.1764,4112.0
2014-08-26,102.5,3.1686,4100.0
2014-08-22,102.29,3.152,4109.0
2014-08-21,102.63,3.1569,4100.0
2014-08-20,102.28,3.147,4103.0
2014-08-19,101.56,3.1356,4106.0
2014-08-14,102.01,3.1285,4152.0
2014-08-13,104.28,3.1442,4161.0
2014-08-12,103.02,3.1465,4168.0
2014-08-08,105.02,3.1509,4141.0
2014-08-07,105.44,3.1397,4130.0
2014-08-06,104.59,3.1377,4129.0
2014-08-05,104.61,3.1121,4145.0
2014-08-01,104.84,3.128,4147.0
2014-07-31,106.02,3.1094,4140.0
2014-07-30,106.51,3.0978,4134.0
2014-07-29,107.72,3.09,4122.0
2014-07-25,108.39,3.0831,4107.0
2014-07-24,107.07,3.0702,4104.0
2014-07-23,108.03,3.0707,4100.0
2014-07-22,107.33,3.0748,4094.0
2014-07-18,107.24,3.0652,4080.0
2014-07-17,107.89,3.0579,4077.0
2014-07-16,105.85,3.0503,4069.0
2014-07-15,106.02,3.0454,4084.0
2014-07-11,106.66,3.0426,4088.0
2014-07-10,108.67,3.0323,4104.0
2014-07-09,108.28,3.0322,4123.0
2014-07-08,108.94,3.0441,4130.0
2014-07-04,110.64,3.0495,4145.0
2014-07-03,111.0,3.0418,4160.0
2014-07-02,111.24,3.0387,4182.0
2014-07-01,112.29,3.0355,4197.0
2014-06-27,113.3,3.0485,4213.0
2014-06-26,113.21,3.0361,4220.0
2014-06-25,114.0,3.0451,4223.0
2014-06-24,114.46,3.0526,4216.0
2014-06-18,114.26,3.0589,4161.0
2014-06-17,113.45,3.0495,4137.0
2014-06-13,113.41,3.0382,4097.0
2014-06-12,113.02,3.0374,4080.0
2014-06-11,109.95,3.0431,4067.0
2014-06-10,109.52,3.0303,4063.0
2014-06-06,108.61,3.0222,4062.0
2014-06-05,108.79,3.0275,4067.0
2014-06-04,108.4,3.0491,4066.0
2014-06-03,108.82,3.0449,4078.0
2014-05-30,109.41,3.0435,4118.0
2014-05-29,109.97,3.0395,4131.0
2014-05-28,109.81,3.0598,4142.0
2014-05-23,110.54,3.049,4155.0
2014-05-22,110.36,3.0525,4155.0
2014-05-21,110.55,3.054,4154.0
2014-05-20,109.69,3.062,4156.0
2014-05-16,109.75,3.0567,4144.0
2014-05-15,110.44,3.0589,4129.0
2014-05-14,110.19,3.048,4118.0
2014-05-13,109.24,3.0381,4110.0
2014-05-09,107.89,3.0247,4097.0
2014-05-08,108.04,3.0042,4107.0
2014-05-07,108.13,3.0187,4110.0
2014-05-06,107.06,3.0196,4130.0
2014-04-30,108.07,3.044,4165.0
2014-04-29,108.98,3.0318,4162.0
2014-04-25,109.58,3.0378,4169.0
2014-04-24,110.33,3.0285,4182.0
2014-04-23,109.11,3.0273,4193.0
2014-04-17,109.53,3.0317,4186.0
2014-04-16,109.6,3.0272,4166.0
2014-04-15,108.74,3.0325,4146.0
2014-04-11,107.33,3.0086,4130.0
2014-04-10,107.46,3.0092,4127.0
2014-04-09,107.98,3.0221,4122.0
2014-04-08,107.67,3.0276,4122.0
2014-04-04,106.72,3.0397,4113.0
2014-04-03,106.15,3.033,4125.0
2014-04-02,104.79,3.0288,4152.0
2014-04-01,105.62,3.0278,4161.0
2014-03-28,108.07,3.0374,4150.0
2014-03-27,107.83,3.0401,4141.0
2014-03-26,107.03,3.0318,4146.0
2014-03-25,106.99,3.0342,4140.0
2014-03-21,106.92,3.0425,4115.0
2014-03-20,106.45,3.05,4109.0
2014-03-19,105.85,3.0245,4123.0
2014-03-18,106.79,3.0396,4118.0
2014-03-14,108.57,3.0481,4125.0
2014-03-13,107.39,3.0284,4139.0
2014-03-12,108.02,3.0508,4151.0
2014-03-11,108.55,3.0449,4149.0
2014-03-07,109.0,3.0185,4178.0
2014-03-06,108.1,3.0427,4190.0
2014-03-05,107.76,3.0477,4196.0
2014-03-04,109.3,3.0489,4199.0
2014-02-28,109.07,3.0254,4192.0
2014-02-27,108.96,3.0655,4192.0
2014-02-26,109.52,3.026,4200.0
2014-02-25,109.51,3.0264,4218.0
2014-02-21,109.85,3.0389,4225.0
2014-02-20,110.3,3.049,4204.0
2014-02-19,110.47,3.0286,4189.0
2014-02-18,110.46,3.03,4182.0
2014-02-14,109.08,3.0334,4192.0
2014-02-13,108.73,3.0532,4196.0
2014-02-12,108.79,3.0552,4198.0
2014-02-11,108.68,3.0581,4198.0
2014-02-07,109.57,3.0857,4197.0
2014-02-06,107.19,3.095,4203.0
2014-02-05,106.25,3.0987,4212.0
2014-02-04,105.78,3.1189,4222.0
2014-01-31,106.4,3.1288,4232.0
2014-01-30,107.95,3.1166,4202.0
2014-01-29,107.85,3.0829,4181.0
2014-01-28,107.41,3.0635,4183.0
2014-01-24,107.88,3.0727,4174.0
2014-01-23,107.58,3.0559,4169.0
2014-01-22,108.27,3.0761,4155.0
2014-01-21,106.73,3.0763,4141.0
2014-01-17,106.48,3.0596,4124.0
2014-01-16,107.09,3.0566,4122.0
2014-01-15,107.13,3.0495,4089.0
2014-01-14,106.39,3.04,4111.0
2014-01-10,107.25,3.07,4136.0
2014-01-09,106.39,3.0695,4150.0
2014-01-08,107.15,3.0717,4146.0
2014-01-03,106.89,3.0517,4160.0
2014-01-02,107.78,3.0315,4196.0
