Tabela,Data,Kurs Å›redni,Zmiana
251/A/NBP/2023,2023-12-29,3.935,0.92
250/A/NBP/2023,2023-12-28,3.899,-0.48
249/A/NBP/2023,2023-12-27,3.9178,-0.41
248/A/NBP/2023,2023-12-22,3.9338,-0.77
247/A/NBP/2023,2023-12-21,3.9645,0.3
246/A/NBP/2023,2023-12-20,3.9527,-0.16
245/A/NBP/2023,2023-12-19,3.9591,-0.09
244/A/NBP/2023,2023-12-18,3.9625,0.76
243/A/NBP/2023,2023-12-15,3.9326,-0.4
242/A/NBP/2023,2023-12-14,3.9484,-1.66
241/A/NBP/2023,2023-12-13,4.0149,-0.14
240/A/NBP/2023,2023-12-12,4.0204,-0.18
239/A/NBP/2023,2023-12-11,4.0277,0.24
238/A/NBP/2023,2023-12-08,4.0181,-0.04
237/A/NBP/2023,2023-12-07,4.0199,-0.01
236/A/NBP/2023,2023-12-06,4.0202,0.73
235/A/NBP/2023,2023-12-05,3.991,0.15
234/A/NBP/2023,2023-12-04,3.985,-0.15
233/A/NBP/2023,2023-12-01,3.991,0.25
232/A/NBP/2023,2023-11-30,3.981,0.84
231/A/NBP/2023,2023-11-29,3.9478,-0.68
230/A/NBP/2023,2023-11-28,3.975,-0.05
229/A/NBP/2023,2023-11-27,3.9769,-0.83
228/A/NBP/2023,2023-11-24,4.0103,0.34
227/A/NBP/2023,2023-11-23,3.9969,-0.53
226/A/NBP/2023,2023-11-22,4.018,0.75
225/A/NBP/2023,2023-11-21,3.9882,-0.14
224/A/NBP/2023,2023-11-20,3.9938,-0.96
223/A/NBP/2023,2023-11-17,4.0327,-0.22
222/A/NBP/2023,2023-11-16,4.0415,-0.09
221/A/NBP/2023,2023-11-15,4.0453,-1.84
220/A/NBP/2023,2023-11-14,4.121,-0.64
219/A/NBP/2023,2023-11-13,4.1474,0.12
218/A/NBP/2023,2023-11-10,4.1423,-0.22
217/A/NBP/2023,2023-11-09,4.1513,-0.7
216/A/NBP/2023,2023-11-08,4.1804,0.33
215/A/NBP/2023,2023-11-07,4.1667,0.37
214/A/NBP/2023,2023-11-06,4.1512,-0.82
213/A/NBP/2023,2023-11-03,4.1857,-0.25
212/A/NBP/2023,2023-11-02,4.1963,0.67
211/A/NBP/2023,2023-10-31,4.1684,-0.85
210/A/NBP/2023,2023-10-30,4.204,-0.54
209/A/NBP/2023,2023-10-27,4.2267,-0.3
208/A/NBP/2023,2023-10-26,4.2395,0.26
207/A/NBP/2023,2023-10-25,4.2284,0.96
206/A/NBP/2023,2023-10-24,4.1884,-0.33
205/A/NBP/2023,2023-10-23,4.2022,-0.41
204/A/NBP/2023,2023-10-20,4.2194,-0.17
203/A/NBP/2023,2023-10-19,4.2264,0.54
202/A/NBP/2023,2023-10-18,4.2035,-0.23
201/A/NBP/2023,2023-10-17,4.2131,-0.88
200/A/NBP/2023,2023-10-16,4.2505,-1.23
199/A/NBP/2023,2023-10-13,4.3033,0.88
198/A/NBP/2023,2023-10-12,4.2659,0.16
197/A/NBP/2023,2023-10-11,4.2589,-0.92
196/A/NBP/2023,2023-10-10,4.2985,-1.05
195/A/NBP/2023,2023-10-09,4.3439,-0.39
194/A/NBP/2023,2023-10-06,4.3608,-0.37
193/A/NBP/2023,2023-10-05,4.3768,-0.88
192/A/NBP/2023,2023-10-04,4.4155,0.32
191/A/NBP/2023,2023-10-03,4.4012,0.87
190/A/NBP/2023,2023-10-02,4.3634,-0.14
189/A/NBP/2023,2023-09-29,4.3697,-0.83
188/A/NBP/2023,2023-09-28,4.4062,1.01
187/A/NBP/2023,2023-09-27,4.3622,0.32
186/A/NBP/2023,2023-09-26,4.3485,0.69
185/A/NBP/2023,2023-09-25,4.3188,-0.19
184/A/NBP/2023,2023-09-22,4.3269,-0.22
183/A/NBP/2023,2023-09-21,4.3365,-0.31
182/A/NBP/2023,2023-09-20,4.3501,0.07
181/A/NBP/2023,2023-09-19,4.3472,-0.04
180/A/NBP/2023,2023-09-18,4.3489,0.16
179/A/NBP/2023,2023-09-15,4.3418,0.69
178/A/NBP/2023,2023-09-14,4.312,-0.24
177/A/NBP/2023,2023-09-13,4.3225,-1.11
176/A/NBP/2023,2023-09-12,4.3711,1.47
175/A/NBP/2023,2023-09-11,4.3077,0.28
174/A/NBP/2023,2023-09-08,4.2958,0.16
173/A/NBP/2023,2023-09-07,4.289,2.37
172/A/NBP/2023,2023-09-06,4.1895,0.61
171/A/NBP/2023,2023-09-05,4.1643,0.7
170/A/NBP/2023,2023-09-04,4.1353,0.22
169/A/NBP/2023,2023-09-01,4.1263,0.46
168/A/NBP/2023,2023-08-31,4.1074,-0.23
167/A/NBP/2023,2023-08-30,4.1167,-0.42
166/A/NBP/2023,2023-08-29,4.1341,-0.14
165/A/NBP/2023,2023-08-28,4.14,-0.05
164/A/NBP/2023,2023-08-25,4.1419,0.58
163/A/NBP/2023,2023-08-24,4.118,-0.62
162/A/NBP/2023,2023-08-23,4.1438,1.26
161/A/NBP/2023,2023-08-22,4.0924,-0.49
160/A/NBP/2023,2023-08-21,4.1124,-0.39
159/A/NBP/2023,2023-08-18,4.1285,0.46
158/A/NBP/2023,2023-08-17,4.1094,0.64
157/A/NBP/2023,2023-08-16,4.0832,0.76
156/A/NBP/2023,2023-08-14,4.0525,0.06
155/A/NBP/2023,2023-08-11,4.0501,-0.05
154/A/NBP/2023,2023-08-10,4.0521,-0.17
153/A/NBP/2023,2023-08-09,4.0592,0.49
152/A/NBP/2023,2023-08-08,4.0396,0.12
151/A/NBP/2023,2023-08-07,4.0347,-0.67
150/A/NBP/2023,2023-08-04,4.062,-0.47
149/A/NBP/2023,2023-08-03,4.081,0.77
148/A/NBP/2023,2023-08-02,4.0497,0.58
147/A/NBP/2023,2023-08-01,4.0262,0.67
146/A/NBP/2023,2023-07-31,3.9995,-0.95
145/A/NBP/2023,2023-07-28,4.0377,1.7
144/A/NBP/2023,2023-07-27,3.9702,-0.62
143/A/NBP/2023,2023-07-26,3.9949,-0.33
142/A/NBP/2023,2023-07-25,4.008,-0.32
141/A/NBP/2023,2023-07-24,4.021,0.55
140/A/NBP/2023,2023-07-21,3.999,0.71
139/A/NBP/2023,2023-07-20,3.971,0.25
138/A/NBP/2023,2023-07-19,3.9612,0.41
137/A/NBP/2023,2023-07-18,3.9451,-0.42
136/A/NBP/2023,2023-07-17,3.9616,0
135/A/NBP/2023,2023-07-14,3.9617,-0.27
134/A/NBP/2023,2023-07-13,3.9724,-1.54
133/A/NBP/2023,2023-07-12,4.0347,-0.07
132/A/NBP/2023,2023-07-11,4.0374,-0.63
131/A/NBP/2023,2023-07-10,4.0632,-1.35
130/A/NBP/2023,2023-07-07,4.1189,0
129/A/NBP/2023,2023-07-06,4.1191,0.79
128/A/NBP/2023,2023-07-05,4.0869,0.57
127/A/NBP/2023,2023-07-04,4.0636,-0.19
126/A/NBP/2023,2023-07-03,4.0714,-0.86
125/A/NBP/2023,2023-06-30,4.1066,0.57
124/A/NBP/2023,2023-06-29,4.0832,0.28
123/A/NBP/2023,2023-06-28,4.0719,0.59
122/A/NBP/2023,2023-06-27,4.0481,-0.46
121/A/NBP/2023,2023-06-26,4.0669,-0.55
120/A/NBP/2023,2023-06-23,4.0893,1.4
119/A/NBP/2023,2023-06-22,4.033,-0.78
118/A/NBP/2023,2023-06-21,4.0648,0.17
117/A/NBP/2023,2023-06-20,4.058,-0.25
116/A/NBP/2023,2023-06-19,4.068,-0.09
115/A/NBP/2023,2023-06-16,4.0715,-1.18
114/A/NBP/2023,2023-06-15,4.1203,-0.46
113/A/NBP/2023,2023-06-14,4.1393,-0.11
112/A/NBP/2023,2023-06-13,4.1439,0.66
111/A/NBP/2023,2023-06-12,4.1169,-0.91
110/A/NBP/2023,2023-06-09,4.1545,-0.82
109/A/NBP/2023,2023-06-07,4.1887,-0.18
108/A/NBP/2023,2023-06-06,4.1964,0.07
107/A/NBP/2023,2023-06-05,4.1933,0.07
106/A/NBP/2023,2023-06-02,4.1903,-1.17
105/A/NBP/2023,2023-06-01,4.2399,-0.38
104/A/NBP/2023,2023-05-31,4.2559,0.75
103/A/NBP/2023,2023-05-30,4.2242,0.02
102/A/NBP/2023,2023-05-29,4.2234,0.19
101/A/NBP/2023,2023-05-26,4.2156,0.39
100/A/NBP/2023,2023-05-25,4.1994,1.01
99/A/NBP/2023,2023-05-24,4.1573,-0.15
98/A/NBP/2023,2023-05-23,4.1634,-0.59
97/A/NBP/2023,2023-05-22,4.1881,-0.41
96/A/NBP/2023,2023-05-19,4.2053,0.3
95/A/NBP/2023,2023-05-18,4.1929,1.02
94/A/NBP/2023,2023-05-17,4.1504,0.67
93/A/NBP/2023,2023-05-16,4.1228,-0.63
92/A/NBP/2023,2023-05-15,4.149,-0.36
91/A/NBP/2023,2023-05-12,4.1638,0.54
90/A/NBP/2023,2023-05-11,4.1414,-0.28
89/A/NBP/2023,2023-05-10,4.1532,-0.19
88/A/NBP/2023,2023-05-09,4.1609,0.54
87/A/NBP/2023,2023-05-08,4.1384,-0.55
86/A/NBP/2023,2023-05-05,4.1612,0.16
85/A/NBP/2023,2023-05-04,4.1547,-0.66
84/A/NBP/2023,2023-05-02,4.1823,0.17
83/A/NBP/2023,2023-04-28,4.1753,0.51
82/A/NBP/2023,2023-04-27,4.1541,-0.04
81/A/NBP/2023,2023-04-26,4.1557,-0.22
80/A/NBP/2023,2023-04-25,4.1649,-0.61
79/A/NBP/2023,2023-04-24,4.1905,-0.24
78/A/NBP/2023,2023-04-21,4.2006,-0.04
77/A/NBP/2023,2023-04-20,4.2024,-0.52
76/A/NBP/2023,2023-04-19,4.2244,0.22
75/A/NBP/2023,2023-04-18,4.2151,-0.26
74/A/NBP/2023,2023-04-17,4.2261,0.52
73/A/NBP/2023,2023-04-14,4.2042,-0.43
72/A/NBP/2023,2023-04-13,4.2225,-1.14
71/A/NBP/2023,2023-04-12,4.2713,-0.48
70/A/NBP/2023,2023-04-11,4.2917,-0.03
69/A/NBP/2023,2023-04-07,4.2932,-0.23
68/A/NBP/2023,2023-04-06,4.3033,0.69
67/A/NBP/2023,2023-04-05,4.2739,-0.27
66/A/NBP/2023,2023-04-04,4.2855,-0.73
65/A/NBP/2023,2023-04-03,4.3168,0.55
64/A/NBP/2023,2023-03-31,4.2934,-0.25
63/A/NBP/2023,2023-03-30,4.3043,-0.47
62/A/NBP/2023,2023-03-29,4.3247,-0.12
61/A/NBP/2023,2023-03-28,4.33,-0.5
60/A/NBP/2023,2023-03-27,4.3518,-0.51
59/A/NBP/2023,2023-03-24,4.3742,1.7
58/A/NBP/2023,2023-03-23,4.3011,-1.05
57/A/NBP/2023,2023-03-22,4.3467,-0.57
56/A/NBP/2023,2023-03-21,4.3715,-0.94
55/A/NBP/2023,2023-03-20,4.413,-0.16
54/A/NBP/2023,2023-03-17,4.4202,-0.1
53/A/NBP/2023,2023-03-16,4.4248,0.5
52/A/NBP/2023,2023-03-15,4.403,0.54
51/A/NBP/2023,2023-03-14,4.3793,-0.26
50/A/NBP/2023,2023-03-13,4.3906,-0.81
49/A/NBP/2023,2023-03-10,4.4266,-0.2
48/A/NBP/2023,2023-03-09,4.4356,-0.61
47/A/NBP/2023,2023-03-08,4.4626,1.47
46/A/NBP/2023,2023-03-07,4.3981,-0.7
45/A/NBP/2023,2023-03-06,4.4289,-0.12
44/A/NBP/2023,2023-03-03,4.4341,0.77
43/A/NBP/2023,2023-03-02,4.4002,-0.21
42/A/NBP/2023,2023-03-01,4.4094,-0.86
41/A/NBP/2023,2023-02-28,4.4475,-0.5
40/A/NBP/2023,2023-02-27,4.4697,0.15
39/A/NBP/2023,2023-02-24,4.463,-0.54
38/A/NBP/2023,2023-02-23,4.4873,0.42
37/A/NBP/2023,2023-02-22,4.4687,0.37
36/A/NBP/2023,2023-02-21,4.4524,0.02
35/A/NBP/2023,2023-02-20,4.4515,-0.83
34/A/NBP/2023,2023-02-17,4.4888,0.64
33/A/NBP/2023,2023-02-16,4.4601,0.52
32/A/NBP/2023,2023-02-15,4.4372,-0.2
31/A/NBP/2023,2023-02-14,4.4463,-0.88
30/A/NBP/2023,2023-02-13,4.4856,0.65
29/A/NBP/2023,2023-02-10,4.4565,1.28
28/A/NBP/2023,2023-02-09,4.4003,-0.16
27/A/NBP/2023,2023-02-08,4.4074,-0.57
26/A/NBP/2023,2023-02-07,4.4325,1.12
25/A/NBP/2023,2023-02-06,4.3833,2.11
24/A/NBP/2023,2023-02-03,4.2928,0.29
23/A/NBP/2023,2023-02-02,4.2803,-1.04
22/A/NBP/2023,2023-02-01,4.3254,-0.52
21/A/NBP/2023,2023-01-31,4.348,0.51
20/A/NBP/2023,2023-01-30,4.3258,0.01
19/A/NBP/2023,2023-01-27,4.3252,-0.24
18/A/NBP/2023,2023-01-26,4.3354,0.21
17/A/NBP/2023,2023-01-25,4.3265,-0.18
16/A/NBP/2023,2023-01-24,4.3341,0.23
15/A/NBP/2023,2023-01-23,4.3242,-0.64
14/A/NBP/2023,2023-01-20,4.352,0.12
13/A/NBP/2023,2023-01-19,4.3469,0.34
12/A/NBP/2023,2023-01-18,4.3322,-0.18
11/A/NBP/2023,2023-01-17,4.3398,-0.09
10/A/NBP/2023,2023-01-16,4.3436,0.38
9/A/NBP/2023,2023-01-13,4.3272,-0.65
8/A/NBP/2023,2023-01-12,4.3556,-0.19
7/A/NBP/2023,2023-01-11,4.3639,-0.19
6/A/NBP/2023,2023-01-10,4.372,-0.66
5/A/NBP/2023,2023-01-09,4.401,0.09
4/A/NBP/2023,2023-01-05,4.397,-0.06
3/A/NBP/2023,2023-01-04,4.3998,-0.85
2/A/NBP/2023,2023-01-03,4.4373,1.28
1/A/NBP/2023,2023-01-02,4.3811,-0.47
252/A/NBP/2022,2022-12-30,4.4018,-0.14
251/A/NBP/2022,2022-12-29,4.4078,-0.11
250/A/NBP/2022,2022-12-28,4.4127,1.04
249/A/NBP/2022,2022-12-27,4.3671,-0.07
248/A/NBP/2022,2022-12-23,4.37,-0.06
247/A/NBP/2022,2022-12-22,4.3726,-0.5
246/A/NBP/2022,2022-12-21,4.3947,-0.12
245/A/NBP/2022,2022-12-20,4.4001,-0.34
244/A/NBP/2022,2022-12-19,4.4153,-0.17
243/A/NBP/2022,2022-12-16,4.4227,0.29
242/A/NBP/2022,2022-12-15,4.41,0.29
241/A/NBP/2022,2022-12-14,4.3973,-1.24
240/A/NBP/2022,2022-12-13,4.4527,0.23
239/A/NBP/2022,2022-12-12,4.4424,0.16
238/A/NBP/2022,2022-12-09,4.4351,-0.91
237/A/NBP/2022,2022-12-08,4.476,-0.17
236/A/NBP/2022,2022-12-07,4.4834,0.1
235/A/NBP/2022,2022-12-06,4.4787,0.84
234/A/NBP/2022,2022-12-05,4.4415,-0.17
233/A/NBP/2022,2022-12-02,4.4492,-0.93
232/A/NBP/2022,2022-12-01,4.4911,-0.34
231/A/NBP/2022,2022-11-30,4.5066,-0.22
230/A/NBP/2022,2022-11-29,4.5164,0.75
229/A/NBP/2022,2022-11-28,4.4827,-0.63
228/A/NBP/2022,2022-11-25,4.5111,0.02
227/A/NBP/2022,2022-11-24,4.5101,-0.83
226/A/NBP/2022,2022-11-23,4.548,-0.79
225/A/NBP/2022,2022-11-22,4.5844,-0.32
224/A/NBP/2022,2022-11-21,4.5991,1.44
223/A/NBP/2022,2022-11-18,4.5337,-0.11
222/A/NBP/2022,2022-11-17,4.5387,0.75
221/A/NBP/2022,2022-11-16,4.505,-0.21
220/A/NBP/2022,2022-11-15,4.5143,-0.53
219/A/NBP/2022,2022-11-14,4.5383,-4.11
218/A/NBP/2022,2022-11-10,4.7328,1.09
217/A/NBP/2022,2022-11-09,4.6817,-0.16
216/A/NBP/2022,2022-11-08,4.6893,-0.07
215/A/NBP/2022,2022-11-07,4.6926,-2.19
214/A/NBP/2022,2022-11-04,4.7975,-0.65
213/A/NBP/2022,2022-11-03,4.8291,1.7
212/A/NBP/2022,2022-11-02,4.7485,0.31
211/A/NBP/2022,2022-10-31,4.734,-0.29
210/A/NBP/2022,2022-10-28,4.7477,0.55
209/A/NBP/2022,2022-10-27,4.7216,-0.68
208/A/NBP/2022,2022-10-26,4.7538,-1.98
207/A/NBP/2022,2022-10-25,4.8499,-0.35
206/A/NBP/2022,2022-10-24,4.8669,-0.68
205/A/NBP/2022,2022-10-21,4.9,-0.05
204/A/NBP/2022,2022-10-20,4.9024,0.27
203/A/NBP/2022,2022-10-19,4.8892,-0.08
202/A/NBP/2022,2022-10-18,4.8929,-1.2
201/A/NBP/2022,2022-10-17,4.9522,-0.09
200/A/NBP/2022,2022-10-14,4.9569,-0.67
199/A/NBP/2022,2022-10-13,4.9905,-0.22
198/A/NBP/2022,2022-10-12,5.0014,-0.31
197/A/NBP/2022,2022-10-11,5.0171,-0.14
196/A/NBP/2022,2022-10-10,5.0239,1.31
195/A/NBP/2022,2022-10-07,4.9588,1.22
194/A/NBP/2022,2022-10-06,4.8989,1.26
193/A/NBP/2022,2022-10-05,4.838,-0.48
192/A/NBP/2022,2022-10-04,4.8615,-1.2
191/A/NBP/2022,2022-10-03,4.9207,-0.66
190/A/NBP/2022,2022-09-30,4.9533,-1.58
189/A/NBP/2022,2022-09-29,5.0328,-0.11
188/A/NBP/2022,2022-09-28,5.0381,1.83
187/A/NBP/2022,2022-09-27,4.9476,0.74
186/A/NBP/2022,2022-09-26,4.9113,0.65
185/A/NBP/2022,2022-09-23,4.8796,0.94
184/A/NBP/2022,2022-09-22,4.8343,0.88
183/A/NBP/2022,2022-09-21,4.7919,1.7
182/A/NBP/2022,2022-09-20,4.7118,-0.29
181/A/NBP/2022,2022-09-19,4.7255,-0.27
180/A/NBP/2022,2022-09-16,4.7384,0.39
179/A/NBP/2022,2022-09-15,4.7202,-0.07
178/A/NBP/2022,2022-09-14,4.7233,1.88
177/A/NBP/2022,2022-09-13,4.6363,0.3
176/A/NBP/2022,2022-09-12,4.6225,-0.8
175/A/NBP/2022,2022-09-09,4.6599,-1.42
174/A/NBP/2022,2022-09-08,4.7268,-0.66
173/A/NBP/2022,2022-09-07,4.7584,0.46
172/A/NBP/2022,2022-09-06,4.7367,-0.68
171/A/NBP/2022,2022-09-05,4.769,0.88
170/A/NBP/2022,2022-09-02,4.7276,0.68
169/A/NBP/2022,2022-09-01,4.6959,-0.85
168/A/NBP/2022,2022-08-31,4.736,0.32
167/A/NBP/2022,2022-08-30,4.721,-1.28
166/A/NBP/2022,2022-08-29,4.7821,0.75
165/A/NBP/2022,2022-08-26,4.7465,-0.17
164/A/NBP/2022,2022-08-25,4.7546,-1.01
163/A/NBP/2022,2022-08-24,4.8029,0
162/A/NBP/2022,2022-08-23,4.803,1.27
161/A/NBP/2022,2022-08-22,4.7427,0.78
160/A/NBP/2022,2022-08-19,4.7061,1.28
159/A/NBP/2022,2022-08-18,4.6468,0.76
158/A/NBP/2022,2022-08-17,4.6119,-0.35
157/A/NBP/2022,2022-08-16,4.6282,1.81
156/A/NBP/2022,2022-08-12,4.5459,0.56
155/A/NBP/2022,2022-08-11,4.5206,-1.96
154/A/NBP/2022,2022-08-10,4.6112,0.42
153/A/NBP/2022,2022-08-09,4.5919,-0.45
152/A/NBP/2022,2022-08-08,4.6127,0.22
151/A/NBP/2022,2022-08-05,4.6024,-0.68
150/A/NBP/2022,2022-08-04,4.634,0.38
149/A/NBP/2022,2022-08-03,4.6164,0.39
148/A/NBP/2022,2022-08-02,4.5984,-0.66
147/A/NBP/2022,2022-08-01,4.629,-0.16
146/A/NBP/2022,2022-07-29,4.6365,-1.25
145/A/NBP/2022,2022-07-28,4.6952,-0.4
144/A/NBP/2022,2022-07-27,4.7142,1.99
143/A/NBP/2022,2022-07-26,4.6222,0.11
142/A/NBP/2022,2022-07-25,4.6171,-1.6
141/A/NBP/2022,2022-07-22,4.692,0.51
140/A/NBP/2022,2022-07-21,4.6682,0.34
139/A/NBP/2022,2022-07-20,4.6524,-0.15
138/A/NBP/2022,2022-07-19,4.6594,-1.18
137/A/NBP/2022,2022-07-18,4.7152,-1.7
136/A/NBP/2022,2022-07-15,4.7966,-0.64
135/A/NBP/2022,2022-07-14,4.8274,0.11
134/A/NBP/2022,2022-07-13,4.8221,-0.13
133/A/NBP/2022,2022-07-12,4.8284,1.83
132/A/NBP/2022,2022-07-11,4.7416,0
131/A/NBP/2022,2022-07-08,4.7417,0.83
130/A/NBP/2022,2022-07-07,4.7029,0.5
129/A/NBP/2022,2022-07-06,4.6796,1.85
128/A/NBP/2022,2022-07-05,4.5947,2.03
127/A/NBP/2022,2022-07-04,4.5032,-0.16
126/A/NBP/2022,2022-07-01,4.5106,0.63
125/A/NBP/2022,2022-06-30,4.4825,0.66
124/A/NBP/2022,2022-06-29,4.4533,0.35
123/A/NBP/2022,2022-06-28,4.4377,0.02
122/A/NBP/2022,2022-06-27,4.4369,-0.64
121/A/NBP/2022,2022-06-24,4.4656,-0.5
120/A/NBP/2022,2022-06-23,4.4881,1.22
119/A/NBP/2022,2022-06-22,4.4338,0.96
118/A/NBP/2022,2022-06-21,4.3917,-1.09
117/A/NBP/2022,2022-06-20,4.44,-0.52
116/A/NBP/2022,2022-06-17,4.463,0.39
115/A/NBP/2022,2022-06-15,4.4455,-0.05
114/A/NBP/2022,2022-06-14,4.4478,0.61
113/A/NBP/2022,2022-06-13,4.4209,1.95
112/A/NBP/2022,2022-06-10,4.3363,1.4
111/A/NBP/2022,2022-06-09,4.2764,-0.33
110/A/NBP/2022,2022-06-08,4.2904,-0.07
109/A/NBP/2022,2022-06-07,4.2935,0.61
108/A/NBP/2022,2022-06-06,4.2675,-0.03
107/A/NBP/2022,2022-06-03,4.2689,-0.56
106/A/NBP/2022,2022-06-02,4.2931,0.27
105/A/NBP/2022,2022-06-01,4.2817,0.39
104/A/NBP/2022,2022-05-31,4.2651,0.08
103/A/NBP/2022,2022-05-30,4.2617,-0.81
102/A/NBP/2022,2022-05-27,4.2966,-0.52
101/A/NBP/2022,2022-05-26,4.3189,0.28
100/A/NBP/2022,2022-05-25,4.3069,0
99/A/NBP/2022,2022-05-24,4.3071,-0.69
98/A/NBP/2022,2022-05-23,4.3369,-1.06
97/A/NBP/2022,2022-05-20,4.3832,-0.9
96/A/NBP/2022,2022-05-19,4.4231,-0.11
95/A/NBP/2022,2022-05-18,4.4279,-0.23
94/A/NBP/2022,2022-05-17,4.4379,-0.91
93/A/NBP/2022,2022-05-16,4.4785,-0.14
92/A/NBP/2022,2022-05-13,4.4849,-0.03
91/A/NBP/2022,2022-05-12,4.4863,1.52
90/A/NBP/2022,2022-05-11,4.419,-0.07
89/A/NBP/2022,2022-05-10,4.4223,-1.25
88/A/NBP/2022,2022-05-09,4.4784,0.63
87/A/NBP/2022,2022-05-06,4.4502,1.1
86/A/NBP/2022,2022-05-05,4.4017,-0.99
85/A/NBP/2022,2022-05-04,4.4456,0
84/A/NBP/2022,2022-05-02,4.4454,0.87
83/A/NBP/2022,2022-04-29,4.4072,-1.21
82/A/NBP/2022,2022-04-28,4.4613,0.36
81/A/NBP/2022,2022-04-27,4.4453,2.26
80/A/NBP/2022,2022-04-26,4.3469,0.65
79/A/NBP/2022,2022-04-25,4.3188,0.59
78/A/NBP/2022,2022-04-22,4.2935,0.8
77/A/NBP/2022,2022-04-21,4.2596,-0.26
76/A/NBP/2022,2022-04-20,4.2708,-0.42
75/A/NBP/2022,2022-04-19,4.2887,0.05
74/A/NBP/2022,2022-04-15,4.2865,0.67
73/A/NBP/2022,2022-04-14,4.2581,-0.68
72/A/NBP/2022,2022-04-13,4.2872,-0.13
71/A/NBP/2022,2022-04-12,4.2926,0.8
70/A/NBP/2022,2022-04-11,4.2586,-0.27
69/A/NBP/2022,2022-04-08,4.2703,-0.06
68/A/NBP/2022,2022-04-07,4.2727,0.28
67/A/NBP/2022,2022-04-06,4.2606,0.88
66/A/NBP/2022,2022-04-05,4.2233,0.38
65/A/NBP/2022,2022-04-04,4.2073,0.23
64/A/NBP/2022,2022-04-01,4.1978,0.42
63/A/NBP/2022,2022-03-31,4.1801,0.27
62/A/NBP/2022,2022-03-30,4.1688,-2.86
61/A/NBP/2022,2022-03-29,4.2917,0.31
60/A/NBP/2022,2022-03-28,4.2784,-0.79
59/A/NBP/2022,2022-03-25,4.3125,-0.43
58/A/NBP/2022,2022-03-24,4.331,1.26
57/A/NBP/2022,2022-03-23,4.2772,0.12
56/A/NBP/2022,2022-03-22,4.272,0.65
55/A/NBP/2022,2022-03-21,4.2444,-0.62
54/A/NBP/2022,2022-03-18,4.2707,0.72
53/A/NBP/2022,2022-03-17,4.2403,-0.99
52/A/NBP/2022,2022-03-16,4.2828,-0.38
51/A/NBP/2022,2022-03-15,4.2992,-0.53
50/A/NBP/2022,2022-03-14,4.3221,-1.08
49/A/NBP/2022,2022-03-11,4.3694,0.49
48/A/NBP/2022,2022-03-10,4.3482,-1.51
47/A/NBP/2022,2022-03-09,4.4147,-2.15
46/A/NBP/2022,2022-03-08,4.5115,-1.33
45/A/NBP/2022,2022-03-07,4.5722,4.13
44/A/NBP/2022,2022-03-04,4.391,1.51
43/A/NBP/2022,2022-03-03,4.3257,-0.1
42/A/NBP/2022,2022-03-02,4.3302,2.63
41/A/NBP/2022,2022-03-01,4.2193,0.54
40/A/NBP/2022,2022-02-28,4.1965,0.68
39/A/NBP/2022,2022-02-25,4.1683,0.97
38/A/NBP/2022,2022-02-24,4.1281,3.37
37/A/NBP/2022,2022-02-23,3.9937,-0.46
36/A/NBP/2022,2022-02-22,4.012,0.88
35/A/NBP/2022,2022-02-21,3.9769,-0.07
34/A/NBP/2022,2022-02-18,3.9798,0.28
33/A/NBP/2022,2022-02-17,3.9687,0.53
32/A/NBP/2022,2022-02-16,3.9478,-0.66
31/A/NBP/2022,2022-02-15,3.974,-1.73
30/A/NBP/2022,2022-02-14,4.0439,1.95
29/A/NBP/2022,2022-02-11,3.9665,1.14
28/A/NBP/2022,2022-02-10,3.9218,-0.79
27/A/NBP/2022,2022-02-09,3.953,-0.41
26/A/NBP/2022,2022-02-08,3.9693,-0.45
25/A/NBP/2022,2022-02-07,3.9872,0.54
24/A/NBP/2022,2022-02-04,3.9657,-1.51
23/A/NBP/2022,2022-02-03,4.0267,-0.04
22/A/NBP/2022,2022-02-02,4.0283,-1
21/A/NBP/2022,2022-02-01,4.0689,-1.11
20/A/NBP/2022,2022-01-31,4.1147,0.24
19/A/NBP/2022,2022-01-28,4.1048,0.53
18/A/NBP/2022,2022-01-27,4.083,0.36
17/A/NBP/2022,2022-01-26,4.0684,0.22
16/A/NBP/2022,2022-01-25,4.0593,1.36
15/A/NBP/2022,2022-01-24,4.0049,0.24
14/A/NBP/2022,2022-01-21,3.9953,0.3
13/A/NBP/2022,2022-01-20,3.9833,-0.24
12/A/NBP/2022,2022-01-19,3.993,0.49
11/A/NBP/2022,2022-01-18,3.9734,0.42
10/A/NBP/2022,2022-01-17,3.9567,-0.08
9/A/NBP/2022,2022-01-14,3.9597,0.34
8/A/NBP/2022,2022-01-13,3.9463,-1.04
7/A/NBP/2022,2022-01-12,3.9879,-0.57
6/A/NBP/2022,2022-01-11,4.0106,0.1
5/A/NBP/2022,2022-01-10,4.0064,-0.53
4/A/NBP/2022,2022-01-07,4.0279,-0.29
3/A/NBP/2022,2022-01-05,4.0396,-0.18
2/A/NBP/2022,2022-01-04,4.0468,0.11
1/A/NBP/2022,2022-01-03,4.0424,-0.43
254/A/NBP/2021,2021-12-31,4.06,-0.08
253/A/NBP/2021,2021-12-30,4.0631,-0.36
252/A/NBP/2021,2021-12-29,4.0779,0.39
251/A/NBP/2021,2021-12-28,4.062,-0.66
250/A/NBP/2021,2021-12-27,4.0889,0.25
249/A/NBP/2021,2021-12-24,4.0785,-0.4
248/A/NBP/2021,2021-12-23,4.095,-0.08
247/A/NBP/2021,2021-12-22,4.0984,0.11
246/A/NBP/2021,2021-12-21,4.0937,-0.59
245/A/NBP/2021,2021-12-20,4.1182,0.73
244/A/NBP/2021,2021-12-17,4.0882,-0.14
243/A/NBP/2021,2021-12-16,4.0938,-0.15
242/A/NBP/2021,2021-12-15,4.0999,-0.22
241/A/NBP/2021,2021-12-14,4.1088,0.21
240/A/NBP/2021,2021-12-13,4.1003,0.28
239/A/NBP/2021,2021-12-10,4.0887,0.12
238/A/NBP/2021,2021-12-09,4.0837,0.31
237/A/NBP/2021,2021-12-08,4.071,-0.19
236/A/NBP/2021,2021-12-07,4.0788,0.42
235/A/NBP/2021,2021-12-06,4.0619,-0.08
234/A/NBP/2021,2021-12-03,4.0653,0.07
233/A/NBP/2021,2021-12-02,4.0625,-1.04
232/A/NBP/2021,2021-12-01,4.1051,-0.4
231/A/NBP/2021,2021-11-30,4.1214,-0.99
230/A/NBP/2021,2021-11-29,4.1627,-0.3
229/A/NBP/2021,2021-11-26,4.1754,0.37
228/A/NBP/2021,2021-11-25,4.16,-0.39
227/A/NBP/2021,2021-11-24,4.1764,-0.31
226/A/NBP/2021,2021-11-23,4.1893,0.09
225/A/NBP/2021,2021-11-22,4.1855,0.96
224/A/NBP/2021,2021-11-19,4.1457,0.83
223/A/NBP/2021,2021-11-18,4.1114,-0.22
222/A/NBP/2021,2021-11-17,4.1204,0.35
221/A/NBP/2021,2021-11-16,4.1061,1.39
220/A/NBP/2021,2021-11-15,4.0497,-0.15
219/A/NBP/2021,2021-11-12,4.0559,2.07
218/A/NBP/2021,2021-11-10,3.9737,0.29
217/A/NBP/2021,2021-11-09,3.9622,-0.31
216/A/NBP/2021,2021-11-08,3.9747,-0.41
215/A/NBP/2021,2021-11-05,3.9911,0.26
214/A/NBP/2021,2021-11-04,3.9807,0.32
213/A/NBP/2021,2021-11-03,3.9681,-0.23
212/A/NBP/2021,2021-11-02,3.9772,0.27
211/A/NBP/2021,2021-10-29,3.9664,-0.69
210/A/NBP/2021,2021-10-28,3.9938,0.31
209/A/NBP/2021,2021-10-27,3.9815,0.19
208/A/NBP/2021,2021-10-26,3.974,0.6
207/A/NBP/2021,2021-10-25,3.9502,-0.19
206/A/NBP/2021,2021-10-22,3.9576,0.32
205/A/NBP/2021,2021-10-21,3.9449,0.05
204/A/NBP/2021,2021-10-20,3.9428,0.55
203/A/NBP/2021,2021-10-19,3.9212,-0.66
202/A/NBP/2021,2021-10-18,3.9471,0.15
201/A/NBP/2021,2021-10-15,3.9413,0.03
200/A/NBP/2021,2021-10-14,3.9403,-0.59
199/A/NBP/2021,2021-10-13,3.9638,-0.07
198/A/NBP/2021,2021-10-12,3.9664,-0.5
197/A/NBP/2021,2021-10-11,3.9862,0.22
196/A/NBP/2021,2021-10-08,3.9775,1.12
195/A/NBP/2021,2021-10-07,3.9334,-1.65
194/A/NBP/2021,2021-10-06,3.9992,0.77
193/A/NBP/2021,2021-10-05,3.9688,0.81
192/A/NBP/2021,2021-10-04,3.9368,-0.78
191/A/NBP/2021,2021-10-01,3.9678,-0.62
190/A/NBP/2021,2021-09-30,3.9925,0.61
189/A/NBP/2021,2021-09-29,3.9684,0.35
188/A/NBP/2021,2021-09-28,3.9546,0.69
187/A/NBP/2021,2021-09-27,3.9276,0.02
186/A/NBP/2021,2021-09-24,3.9268,0.03
185/A/NBP/2021,2021-09-23,3.9256,-0.52
184/A/NBP/2021,2021-09-22,3.946,0.31
183/A/NBP/2021,2021-09-21,3.9337,0.14
182/A/NBP/2021,2021-09-20,3.9282,1.03
181/A/NBP/2021,2021-09-17,3.8882,0.09
180/A/NBP/2021,2021-09-16,3.8847,0.97
179/A/NBP/2021,2021-09-15,3.8475,-0.17
178/A/NBP/2021,2021-09-14,3.8542,0.12
177/A/NBP/2021,2021-09-13,3.8495,0.24
176/A/NBP/2021,2021-09-10,3.8402,0.29
175/A/NBP/2021,2021-09-09,3.8292,0.21
174/A/NBP/2021,2021-09-08,3.8213,0.45
173/A/NBP/2021,2021-09-07,3.8041,0
172/A/NBP/2021,2021-09-06,3.8041,0.11
171/A/NBP/2021,2021-09-03,3.7998,-0.12
170/A/NBP/2021,2021-09-02,3.8044,-0.51
169/A/NBP/2021,2021-09-01,3.8238,-0.39
168/A/NBP/2021,2021-08-31,3.8386,-0.87
167/A/NBP/2021,2021-08-30,3.8724,-0.65
166/A/NBP/2021,2021-08-27,3.8978,0.17
165/A/NBP/2021,2021-08-26,3.8912,0.11
164/A/NBP/2021,2021-08-25,3.8869,-0.56
163/A/NBP/2021,2021-08-24,3.9086,-0.05
162/A/NBP/2021,2021-08-23,3.9107,-0.49
161/A/NBP/2021,2021-08-20,3.9301,0.19
160/A/NBP/2021,2021-08-19,3.9226,0.94
159/A/NBP/2021,2021-08-18,3.8861,0.16
158/A/NBP/2021,2021-08-17,3.8797,0.17
157/A/NBP/2021,2021-08-16,3.873,-0.52
156/A/NBP/2021,2021-08-13,3.8934,-0.36
155/A/NBP/2021,2021-08-12,3.9074,-0.19
154/A/NBP/2021,2021-08-11,3.9148,0.54
153/A/NBP/2021,2021-08-10,3.8937,0.13
152/A/NBP/2021,2021-08-09,3.8885,0.95
151/A/NBP/2021,2021-08-06,3.8519,0.09
150/A/NBP/2021,2021-08-05,3.8485,0.31
149/A/NBP/2021,2021-08-04,3.8366,0.13
148/A/NBP/2021,2021-08-03,3.8315,-0.16
147/A/NBP/2021,2021-08-02,3.8377,-0.09
146/A/NBP/2021,2021-07-30,3.841,-0.54
145/A/NBP/2021,2021-07-29,3.8617,-0.6
144/A/NBP/2021,2021-07-28,3.8849,-0.43
143/A/NBP/2021,2021-07-27,3.9017,0.26
142/A/NBP/2021,2021-07-26,3.8915,0.16
141/A/NBP/2021,2021-07-23,3.8851,0.13
140/A/NBP/2021,2021-07-22,3.8801,-0.6
139/A/NBP/2021,2021-07-21,3.9035,0.06
138/A/NBP/2021,2021-07-20,3.9012,0.11
137/A/NBP/2021,2021-07-19,3.8968,0.41
136/A/NBP/2021,2021-07-16,3.8808,0.46
135/A/NBP/2021,2021-07-15,3.8629,-0.84
134/A/NBP/2021,2021-07-14,3.8955,1.1
133/A/NBP/2021,2021-07-13,3.8533,0.4
132/A/NBP/2021,2021-07-12,3.8378,-0.13
131/A/NBP/2021,2021-07-09,3.8427,0.05
130/A/NBP/2021,2021-07-08,3.8408,0.48
129/A/NBP/2021,2021-07-07,3.8225,0.54
128/A/NBP/2021,2021-07-06,3.8021,0.11
127/A/NBP/2021,2021-07-05,3.7979,-0.74
126/A/NBP/2021,2021-07-02,3.8263,0.3
125/A/NBP/2021,2021-07-01,3.8149,0.3
124/A/NBP/2021,2021-06-30,3.8035,0.32
123/A/NBP/2021,2021-06-29,3.7914,0.4
122/A/NBP/2021,2021-06-28,3.7762,0.03
121/A/NBP/2021,2021-06-25,3.7749,-0.62
120/A/NBP/2021,2021-06-24,3.7986,0.29
119/A/NBP/2021,2021-06-23,3.7878,-0.67
118/A/NBP/2021,2021-06-22,3.8132,-0.21
117/A/NBP/2021,2021-06-21,3.8214,0.04
116/A/NBP/2021,2021-06-18,3.8198,0.7
115/A/NBP/2021,2021-06-17,3.7931,1.59
114/A/NBP/2021,2021-06-16,3.7336,-0.03
113/A/NBP/2021,2021-06-15,3.7349,0.44
112/A/NBP/2021,2021-06-14,3.7185,1.16
111/A/NBP/2021,2021-06-11,3.6759,-0.17
110/A/NBP/2021,2021-06-10,3.6821,0.76
109/A/NBP/2021,2021-06-09,3.6545,-0.4
108/A/NBP/2021,2021-06-08,3.669,0.09
107/A/NBP/2021,2021-06-07,3.6656,-0.74
106/A/NBP/2021,2021-06-04,3.6931,0.74
105/A/NBP/2021,2021-06-02,3.6659,0.19
104/A/NBP/2021,2021-06-01,3.659,-0.36
103/A/NBP/2021,2021-05-31,3.6724,-0.11
102/A/NBP/2021,2021-05-28,3.6766,-0.44
101/A/NBP/2021,2021-05-27,3.6929,0.65
100/A/NBP/2021,2021-05-26,3.6691,0.39
99/A/NBP/2021,2021-05-25,3.6549,-0.67
98/A/NBP/2021,2021-05-24,3.6795,0.05
97/A/NBP/2021,2021-05-21,3.6778,-0.81
96/A/NBP/2021,2021-05-20,3.7077,-0.03
95/A/NBP/2021,2021-05-19,3.7087,0.1
94/A/NBP/2021,2021-05-18,3.705,-0.64
93/A/NBP/2021,2021-05-17,3.7288,-0.23
92/A/NBP/2021,2021-05-14,3.7374,-0.8
91/A/NBP/2021,2021-05-13,3.7675,0.58
90/A/NBP/2021,2021-05-12,3.7456,-0.15
89/A/NBP/2021,2021-05-11,3.7514,0.06
88/A/NBP/2021,2021-05-10,3.7493,-0.97
87/A/NBP/2021,2021-05-07,3.7861,-0.54
86/A/NBP/2021,2021-05-06,3.8066,-0.18
85/A/NBP/2021,2021-05-05,3.8136,0.52
84/A/NBP/2021,2021-05-04,3.794,0.51
83/A/NBP/2021,2021-04-30,3.7746,-0.11
82/A/NBP/2021,2021-04-29,3.7786,-0.4
81/A/NBP/2021,2021-04-28,3.7939,0.3
80/A/NBP/2021,2021-04-27,3.7826,0.45
79/A/NBP/2021,2021-04-26,3.7657,-0.52
78/A/NBP/2021,2021-04-23,3.7855,-0.08
77/A/NBP/2021,2021-04-22,3.7885,-0.17
76/A/NBP/2021,2021-04-21,3.795,0.56
75/A/NBP/2021,2021-04-20,3.7737,-0.21
74/A/NBP/2021,2021-04-19,3.7816,-0.43
73/A/NBP/2021,2021-04-16,3.7978,-0.09
72/A/NBP/2021,2021-04-15,3.8014,-0.13
71/A/NBP/2021,2021-04-14,3.8065,-0.72
70/A/NBP/2021,2021-04-13,3.8342,0.52
69/A/NBP/2021,2021-04-12,3.8144,-0.17
68/A/NBP/2021,2021-04-09,3.8208,-0.41
67/A/NBP/2021,2021-04-08,3.8365,-0.64
66/A/NBP/2021,2021-04-07,3.8611,-0.93
65/A/NBP/2021,2021-04-06,3.8973,-0.03
64/A/NBP/2021,2021-04-02,3.8986,-1.12
63/A/NBP/2021,2021-04-01,3.9428,-0.63
62/A/NBP/2021,2021-03-31,3.9676,0.18
61/A/NBP/2021,2021-03-30,3.9604,0.09
60/A/NBP/2021,2021-03-29,3.957,0.67
59/A/NBP/2021,2021-03-26,3.9307,0.14
58/A/NBP/2021,2021-03-25,3.9253,0.4
57/A/NBP/2021,2021-03-24,3.9098,0.91
56/A/NBP/2021,2021-03-23,3.8746,-0.06
55/A/NBP/2021,2021-03-22,3.8768,-0.25
54/A/NBP/2021,2021-03-19,3.8865,0.41
53/A/NBP/2021,2021-03-18,3.8705,0.07
52/A/NBP/2021,2021-03-17,3.8676,0.41
51/A/NBP/2021,2021-03-16,3.8519,0.23
50/A/NBP/2021,2021-03-15,3.8429,-0.24
49/A/NBP/2021,2021-03-12,3.8521,0.61
48/A/NBP/2021,2021-03-11,3.8287,-0.35
47/A/NBP/2021,2021-03-10,3.842,-0.23
46/A/NBP/2021,2021-03-09,3.8507,-0.41
45/A/NBP/2021,2021-03-08,3.8665,0.71
44/A/NBP/2021,2021-03-05,3.8393,1.43
43/A/NBP/2021,2021-03-04,3.7851,0.91
42/A/NBP/2021,2021-03-03,3.7509,-0.68
41/A/NBP/2021,2021-03-02,3.7765,0.51
40/A/NBP/2021,2021-03-01,3.7572,0.87
39/A/NBP/2021,2021-02-26,3.7247,0.82
38/A/NBP/2021,2021-02-25,3.6943,-0.54
37/A/NBP/2021,2021-02-24,3.7145,0.08
36/A/NBP/2021,2021-02-23,3.7117,-0.05
35/A/NBP/2021,2021-02-22,3.7135,0.37
34/A/NBP/2021,2021-02-19,3.6997,-0.42
33/A/NBP/2021,2021-02-18,3.7152,-0.36
32/A/NBP/2021,2021-02-17,3.7287,0.94
31/A/NBP/2021,2021-02-16,3.694,-0.02
30/A/NBP/2021,2021-02-15,3.6949,-0.64
29/A/NBP/2021,2021-02-12,3.7186,0.19
28/A/NBP/2021,2021-02-11,3.7117,0.39
27/A/NBP/2021,2021-02-10,3.6973,0
26/A/NBP/2021,2021-02-09,3.6972,-0.88
25/A/NBP/2021,2021-02-08,3.7301,-0.67
24/A/NBP/2021,2021-02-05,3.7554,0.12
23/A/NBP/2021,2021-02-04,3.7509,0.42
22/A/NBP/2021,2021-02-03,3.7352,0.11
21/A/NBP/2021,2021-02-02,3.7311,-0.03
20/A/NBP/2021,2021-02-01,3.7323,-0.37
19/A/NBP/2021,2021-01-29,3.746,-0.28
18/A/NBP/2021,2021-01-28,3.7566,0.16
17/A/NBP/2021,2021-01-27,3.7507,-0.01
16/A/NBP/2021,2021-01-26,3.7512,0.29
15/A/NBP/2021,2021-01-25,3.7402,0.39
14/A/NBP/2021,2021-01-22,3.7255,-0.15
13/A/NBP/2021,2021-01-21,3.7312,0.02
12/A/NBP/2021,2021-01-20,3.7303,-0.3
11/A/NBP/2021,2021-01-19,3.7416,-0.75
10/A/NBP/2021,2021-01-18,3.7699,0.62
9/A/NBP/2021,2021-01-15,3.7466,0.38
8/A/NBP/2021,2021-01-14,3.7323,0.49
7/A/NBP/2021,2021-01-13,3.7142,-0.12
6/A/NBP/2021,2021-01-12,3.7188,-0.22
5/A/NBP/2021,2021-01-11,3.7271,0.95
4/A/NBP/2021,2021-01-08,3.6919,0.72
3/A/NBP/2021,2021-01-07,3.6656,-1.01
2/A/NBP/2021,2021-01-05,3.7031,0.09
1/A/NBP/2021,2021-01-04,3.6998,-1.56
255/A/NBP/2020,2020-12-31,3.7584,1.85
254/A/NBP/2020,2020-12-30,3.6901,0.33
253/A/NBP/2020,2020-12-29,3.6778,0.38
252/A/NBP/2020,2020-12-28,3.6639,-0.92
251/A/NBP/2020,2020-12-24,3.6981,0.17
250/A/NBP/2020,2020-12-23,3.6919,-0.01
249/A/NBP/2020,2020-12-22,3.6921,-0.43
248/A/NBP/2020,2020-12-21,3.7082,2.09
247/A/NBP/2020,2020-12-18,3.6322,0.19
246/A/NBP/2020,2020-12-17,3.6254,-0.22
245/A/NBP/2020,2020-12-16,3.6334,-0.6
244/A/NBP/2020,2020-12-15,3.6554,0.02
243/A/NBP/2020,2020-12-14,3.6548,-0.22
242/A/NBP/2020,2020-12-11,3.663,0.15
241/A/NBP/2020,2020-12-10,3.6574,-0.23
240/A/NBP/2020,2020-12-09,3.6657,-0.7
239/A/NBP/2020,2020-12-08,3.6914,-0.24
238/A/NBP/2020,2020-12-07,3.7001,0.64
237/A/NBP/2020,2020-12-04,3.6765,-0.58
236/A/NBP/2020,2020-12-03,3.6981,-0.15
235/A/NBP/2020,2020-12-02,3.7038,-0.88
234/A/NBP/2020,2020-12-01,3.7367,0.01
233/A/NBP/2020,2020-11-30,3.7364,-0.66
232/A/NBP/2020,2020-11-27,3.7614,0.07
231/A/NBP/2020,2020-11-26,3.7586,0.08
230/A/NBP/2020,2020-11-25,3.7556,-0.18
229/A/NBP/2020,2020-11-24,3.7625,0.02
228/A/NBP/2020,2020-11-23,3.7616,-0.16
227/A/NBP/2020,2020-11-20,3.7677,-0.51
226/A/NBP/2020,2020-11-19,3.7872,0.67
225/A/NBP/2020,2020-11-18,3.7621,-0.68
224/A/NBP/2020,2020-11-17,3.7877,0.25
223/A/NBP/2020,2020-11-16,3.7782,-0.61
222/A/NBP/2020,2020-11-13,3.8015,0.05
221/A/NBP/2020,2020-11-12,3.7995,-0.45
220/A/NBP/2020,2020-11-10,3.8168,1.01
219/A/NBP/2020,2020-11-09,3.7787,-1.07
218/A/NBP/2020,2020-11-06,3.8194,-0.41
217/A/NBP/2020,2020-11-05,3.8353,-1.65
216/A/NBP/2020,2020-11-04,3.8996,-0.19
215/A/NBP/2020,2020-11-03,3.9069,-1.23
214/A/NBP/2020,2020-11-02,3.9557,-0.02
213/A/NBP/2020,2020-10-30,3.9563,0.15
212/A/NBP/2020,2020-10-29,3.9505,0.49
211/A/NBP/2020,2020-10-28,3.9313,1.17
210/A/NBP/2020,2020-10-27,3.886,0.26
209/A/NBP/2020,2020-10-26,3.8759,0.24
208/A/NBP/2020,2020-10-23,3.8665,-0.18
207/A/NBP/2020,2020-10-22,3.8734,0.07
206/A/NBP/2020,2020-10-21,3.8706,-0.57
205/A/NBP/2020,2020-10-20,3.8926,0.43
204/A/NBP/2020,2020-10-19,3.8761,-0.55
203/A/NBP/2020,2020-10-16,3.8976,0.19
202/A/NBP/2020,2020-10-15,3.8904,1.57
201/A/NBP/2020,2020-10-14,3.8301,0.97
200/A/NBP/2020,2020-10-13,3.7932,0.01
199/A/NBP/2020,2020-10-12,3.7927,0.04
198/A/NBP/2020,2020-10-09,3.7913,-0.69
197/A/NBP/2020,2020-10-08,3.8175,0.13
196/A/NBP/2020,2020-10-07,3.8126,-0.14
195/A/NBP/2020,2020-10-06,3.818,-0.19
194/A/NBP/2020,2020-10-05,3.8252,-0.3
193/A/NBP/2020,2020-10-02,3.8366,-0.38
192/A/NBP/2020,2020-10-01,3.8513,-0.38
191/A/NBP/2020,2020-09-30,3.8658,-1.45
190/A/NBP/2020,2020-09-29,3.9228,0.37
189/A/NBP/2020,2020-09-28,3.9083,0.17
188/A/NBP/2020,2020-09-25,3.9016,0.47
187/A/NBP/2020,2020-09-24,3.8833,1.13
186/A/NBP/2020,2020-09-23,3.8399,0.1
185/A/NBP/2020,2020-09-22,3.8359,1.04
184/A/NBP/2020,2020-09-21,3.7963,1.01
183/A/NBP/2020,2020-09-18,3.7585,-0.34
182/A/NBP/2020,2020-09-17,3.7713,0.5
181/A/NBP/2020,2020-09-16,3.7526,0.22
180/A/NBP/2020,2020-09-15,3.7445,-0.21
179/A/NBP/2020,2020-09-14,3.7522,-0.03
178/A/NBP/2020,2020-09-11,3.7534,-0.2
177/A/NBP/2020,2020-09-10,3.761,-0.69
176/A/NBP/2020,2020-09-09,3.7871,0.58
175/A/NBP/2020,2020-09-08,3.7652,-0.04
174/A/NBP/2020,2020-09-07,3.7666,0.35
173/A/NBP/2020,2020-09-04,3.7533,0.52
172/A/NBP/2020,2020-09-03,3.7337,0.39
171/A/NBP/2020,2020-09-02,3.7191,1.32
170/A/NBP/2020,2020-09-01,3.6707,-0.59
169/A/NBP/2020,2020-08-31,3.6924,-0.16
168/A/NBP/2020,2020-08-28,3.6983,-0.81
167/A/NBP/2020,2020-08-27,3.7286,0.05
166/A/NBP/2020,2020-08-26,3.7269,0.34
165/A/NBP/2020,2020-08-25,3.7144,-0.35
164/A/NBP/2020,2020-08-24,3.7273,0.29
163/A/NBP/2020,2020-08-21,3.7164,0
162/A/NBP/2020,2020-08-20,3.7164,1.18
161/A/NBP/2020,2020-08-19,3.6732,-0.44
160/A/NBP/2020,2020-08-18,3.6895,-0.49
159/A/NBP/2020,2020-08-17,3.7076,-0.41
158/A/NBP/2020,2020-08-14,3.7227,0.14
157/A/NBP/2020,2020-08-13,3.7176,-1.02
156/A/NBP/2020,2020-08-12,3.7558,0.45
155/A/NBP/2020,2020-08-11,3.739,-0.01
154/A/NBP/2020,2020-08-10,3.7393,0.24
153/A/NBP/2020,2020-08-07,3.7302,0.17
152/A/NBP/2020,2020-08-06,3.724,0.26
151/A/NBP/2020,2020-08-05,3.7143,-0.59
150/A/NBP/2020,2020-08-04,3.7364,-0.36
149/A/NBP/2020,2020-08-03,3.7499,0.9
148/A/NBP/2020,2020-07-31,3.7166,-1.02
147/A/NBP/2020,2020-07-30,3.7549,-0.16
146/A/NBP/2020,2020-07-29,3.761,0.21
145/A/NBP/2020,2020-07-28,3.7532,-0.29
144/A/NBP/2020,2020-07-27,3.7643,-1.02
143/A/NBP/2020,2020-07-24,3.8029,-0.08
142/A/NBP/2020,2020-07-23,3.806,-1.23
141/A/NBP/2020,2020-07-22,3.8534,-0.72
140/A/NBP/2020,2020-07-21,3.8812,-0.47
139/A/NBP/2020,2020-07-20,3.8997,-0.68
138/A/NBP/2020,2020-07-17,3.9263,-0.4
137/A/NBP/2020,2020-07-16,3.9422,0.78
136/A/NBP/2020,2020-07-15,3.9117,-1.14
135/A/NBP/2020,2020-07-14,3.957,0.02
134/A/NBP/2020,2020-07-13,3.9564,-0.21
133/A/NBP/2020,2020-07-10,3.9646,0.41
132/A/NBP/2020,2020-07-09,3.9486,-0.45
131/A/NBP/2020,2020-07-08,3.9666,-0.06
130/A/NBP/2020,2020-07-07,3.9689,0.26
129/A/NBP/2020,2020-07-06,3.9588,-0.44
128/A/NBP/2020,2020-07-03,3.9764,0.6
127/A/NBP/2020,2020-07-02,3.9528,-0.16
126/A/NBP/2020,2020-07-01,3.9591,-0.54
125/A/NBP/2020,2020-06-30,3.9806,0.38
124/A/NBP/2020,2020-06-29,3.9656,-0.1
123/A/NBP/2020,2020-06-26,3.9697,0.19
122/A/NBP/2020,2020-06-25,3.9623,0.58
121/A/NBP/2020,2020-06-24,3.9395,0.21
120/A/NBP/2020,2020-06-23,3.9311,-0.9
119/A/NBP/2020,2020-06-22,3.9667,-0.19
118/A/NBP/2020,2020-06-19,3.9741,0.38
117/A/NBP/2020,2020-06-18,3.9589,0.14
116/A/NBP/2020,2020-06-17,3.9532,1.21
115/A/NBP/2020,2020-06-16,3.9058,-0.9
114/A/NBP/2020,2020-06-15,3.9413,0.29
113/A/NBP/2020,2020-06-12,3.9299,0.3
112/A/NBP/2020,2020-06-10,3.918,-0.69
111/A/NBP/2020,2020-06-09,3.9453,0.65
110/A/NBP/2020,2020-06-08,3.9197,-0.05
109/A/NBP/2020,2020-06-05,3.9217,-0.9
108/A/NBP/2020,2020-06-04,3.9573,1.16
107/A/NBP/2020,2020-06-03,3.9121,-0.46
106/A/NBP/2020,2020-06-02,3.9303,-0.95
105/A/NBP/2020,2020-06-01,3.968,-0.88
104/A/NBP/2020,2020-05-29,4.0031,-0.53
103/A/NBP/2020,2020-05-28,4.0244,-0.64
102/A/NBP/2020,2020-05-27,4.0504,-0.93
101/A/NBP/2020,2020-05-26,4.0885,-1.31
100/A/NBP/2020,2020-05-25,4.1428,-0.18
99/A/NBP/2020,2020-05-22,4.1503,0.38
98/A/NBP/2020,2020-05-21,4.1346,-0.66
97/A/NBP/2020,2020-05-20,4.1619,-0.06
96/A/NBP/2020,2020-05-19,4.1645,-1.37
95/A/NBP/2020,2020-05-18,4.2224,0.21
94/A/NBP/2020,2020-05-15,4.2135,-0.32
93/A/NBP/2020,2020-05-14,4.2269,0.38
92/A/NBP/2020,2020-05-13,4.2111,0.04
91/A/NBP/2020,2020-05-12,4.2095,-0.07
90/A/NBP/2020,2020-05-11,4.2126,0.15
89/A/NBP/2020,2020-05-08,4.2065,-0.23
88/A/NBP/2020,2020-05-07,4.2162,0.33
87/A/NBP/2020,2020-05-06,4.2022,0.23
86/A/NBP/2020,2020-05-05,4.1927,0.67
85/A/NBP/2020,2020-05-04,4.1646,-0.2
84/A/NBP/2020,2020-04-30,4.1729,-0.19
83/A/NBP/2020,2020-04-29,4.1807,-0.08
82/A/NBP/2020,2020-04-28,4.184,0.35
81/A/NBP/2020,2020-04-27,4.1696,-1.06
80/A/NBP/2020,2020-04-24,4.2142,0.12
79/A/NBP/2020,2020-04-23,4.2093,0.86
78/A/NBP/2020,2020-04-22,4.1736,-0.1
77/A/NBP/2020,2020-04-21,4.1779,0.61
76/A/NBP/2020,2020-04-20,4.1525,-0.86
75/A/NBP/2020,2020-04-17,4.1886,0.61
74/A/NBP/2020,2020-04-16,4.1631,0.27
73/A/NBP/2020,2020-04-15,4.1519,-0.35
72/A/NBP/2020,2020-04-14,4.1666,0.24
71/A/NBP/2020,2020-04-10,4.1566,-0.43
70/A/NBP/2020,2020-04-09,4.1744,-0.14
69/A/NBP/2020,2020-04-08,4.1801,0.2
68/A/NBP/2020,2020-04-07,4.1717,-1.28
67/A/NBP/2020,2020-04-06,4.2257,-0.33
66/A/NBP/2020,2020-04-03,4.2396,1.14
65/A/NBP/2020,2020-04-02,4.1917,0.52
64/A/NBP/2020,2020-04-01,4.1701,0.57
63/A/NBP/2020,2020-03-31,4.1466,1.3
62/A/NBP/2020,2020-03-30,4.0933,-0.47
61/A/NBP/2020,2020-03-27,4.1127,-2.05
60/A/NBP/2020,2020-03-26,4.1988,-0.55
59/A/NBP/2020,2020-03-25,4.222,-0.47
58/A/NBP/2020,2020-03-24,4.2421,-0.55
57/A/NBP/2020,2020-03-23,4.2654,0.6
56/A/NBP/2020,2020-03-20,4.24,-0.05
55/A/NBP/2020,2020-03-19,4.2421,4.1
54/A/NBP/2020,2020-03-18,4.0749,0.71
53/A/NBP/2020,2020-03-17,4.046,3.13
52/A/NBP/2020,2020-03-16,3.9231,0.42
51/A/NBP/2020,2020-03-13,3.9067,1.1
50/A/NBP/2020,2020-03-12,3.8642,1.19
49/A/NBP/2020,2020-03-11,3.8186,0.34
48/A/NBP/2020,2020-03-10,3.8058,0.42
47/A/NBP/2020,2020-03-09,3.7899,-0.87
46/A/NBP/2020,2020-03-06,3.8231,-0.64
45/A/NBP/2020,2020-03-05,3.8479,-0.15
44/A/NBP/2020,2020-03-04,3.8536,-0.69
43/A/NBP/2020,2020-03-03,3.8804,-0.56
42/A/NBP/2020,2020-03-02,3.9023,-0.59
41/A/NBP/2020,2020-02-28,3.9255,-0.4
40/A/NBP/2020,2020-02-27,3.9413,-0.4
39/A/NBP/2020,2020-02-26,3.9573,-0.13
38/A/NBP/2020,2020-02-25,3.9624,-0.37
37/A/NBP/2020,2020-02-24,3.9772,0.38
36/A/NBP/2020,2020-02-21,3.9623,0.01
35/A/NBP/2020,2020-02-20,3.9621,0.16
34/A/NBP/2020,2020-02-19,3.9556,0.27
33/A/NBP/2020,2020-02-18,3.9448,0.66
32/A/NBP/2020,2020-02-17,3.9189,0.23
31/A/NBP/2020,2020-02-14,3.9098,-0.02
30/A/NBP/2020,2020-02-13,3.9104,0.24
29/A/NBP/2020,2020-02-12,3.901,-0.08
28/A/NBP/2020,2020-02-11,3.9041,0.12
27/A/NBP/2020,2020-02-10,3.8996,0.13
26/A/NBP/2020,2020-02-07,3.8947,0.71
25/A/NBP/2020,2020-02-06,3.8672,0.05
24/A/NBP/2020,2020-02-05,3.8654,-0.31
23/A/NBP/2020,2020-02-04,3.8773,-0.23
22/A/NBP/2020,2020-02-03,3.8864,-0.35
21/A/NBP/2020,2020-01-31,3.8999,0.37
20/A/NBP/2020,2020-01-30,3.8856,-0.04
19/A/NBP/2020,2020-01-29,3.8871,0.07
18/A/NBP/2020,2020-01-28,3.8844,0.31
17/A/NBP/2020,2020-01-27,3.8725,0.65
16/A/NBP/2020,2020-01-24,3.8475,0.44
15/A/NBP/2020,2020-01-23,3.8308,0.28
14/A/NBP/2020,2020-01-22,3.8202,-0.21
13/A/NBP/2020,2020-01-21,3.8284,0.02
12/A/NBP/2020,2020-01-20,3.8277,0.59
11/A/NBP/2020,2020-01-17,3.8053,0.22
10/A/NBP/2020,2020-01-16,3.7968,-0.06
9/A/NBP/2020,2020-01-15,3.7992,-0.07
8/A/NBP/2020,2020-01-14,3.8019,-0.22
7/A/NBP/2020,2020-01-13,3.8101,-0.45
6/A/NBP/2020,2020-01-10,3.8272,0.05
5/A/NBP/2020,2020-01-09,3.8251,0.34
4/A/NBP/2020,2020-01-08,3.8123,0.69
3/A/NBP/2020,2020-01-07,3.7861,-0.92
2/A/NBP/2020,2020-01-03,3.8213,0.56
1/A/NBP/2020,2020-01-02,3.8,0.06
251/A/NBP/2019,2019-12-31,3.7977,-0.13
250/A/NBP/2019,2019-12-30,3.8027,-0.62
249/A/NBP/2019,2019-12-27,3.8266,-0.57
248/A/NBP/2019,2019-12-24,3.8487,0.24
247/A/NBP/2019,2019-12-23,3.8394,0.22
246/A/NBP/2019,2019-12-20,3.8311,0.08
245/A/NBP/2019,2019-12-19,3.8281,-0.05
244/A/NBP/2019,2019-12-18,3.8302,0.24
243/A/NBP/2019,2019-12-17,3.8211,-0.26
242/A/NBP/2019,2019-12-16,3.8311,0.2
241/A/NBP/2019,2019-12-13,3.8234,-0.7
240/A/NBP/2019,2019-12-12,3.8505,-0.4
239/A/NBP/2019,2019-12-11,3.866,-0.13
238/A/NBP/2019,2019-12-10,3.8711,0.02
237/A/NBP/2019,2019-12-09,3.8704,0.53
236/A/NBP/2019,2019-12-06,3.85,-0.17
235/A/NBP/2019,2019-12-05,3.8566,-0.21
234/A/NBP/2019,2019-12-04,3.8647,-0.15
233/A/NBP/2019,2019-12-03,3.8706,-0.87
232/A/NBP/2019,2019-12-02,3.9047,-0.61
231/A/NBP/2019,2019-11-29,3.9288,0.09
230/A/NBP/2019,2019-11-28,3.9252,0.25
229/A/NBP/2019,2019-11-27,3.9154,0.29
228/A/NBP/2019,2019-11-26,3.9039,0.01
227/A/NBP/2019,2019-11-25,3.9036,0.47
226/A/NBP/2019,2019-11-22,3.8853,0.3
225/A/NBP/2019,2019-11-21,3.8737,-0.14
224/A/NBP/2019,2019-11-20,3.8792,0.02
223/A/NBP/2019,2019-11-19,3.8786,0.05
222/A/NBP/2019,2019-11-18,3.8767,-0.21
221/A/NBP/2019,2019-11-15,3.8848,-0.42
220/A/NBP/2019,2019-11-14,3.9011,0.28
219/A/NBP/2019,2019-11-13,3.8902,0.31
218/A/NBP/2019,2019-11-12,3.878,0.4
217/A/NBP/2019,2019-11-08,3.8625,0.32
216/A/NBP/2019,2019-11-07,3.8502,0.01
215/A/NBP/2019,2019-11-06,3.8497,0.49
214/A/NBP/2019,2019-11-05,3.8308,0.55
213/A/NBP/2019,2019-11-04,3.8099,-0.2
212/A/NBP/2019,2019-10-31,3.8174,-0.56
211/A/NBP/2019,2019-10-30,3.8388,-0.54
210/A/NBP/2019,2019-10-29,3.8598,0.18
209/A/NBP/2019,2019-10-28,3.8529,0.2
208/A/NBP/2019,2019-10-25,3.8452,0.01
207/A/NBP/2019,2019-10-24,3.8448,-0.06
206/A/NBP/2019,2019-10-23,3.8473,0.17
205/A/NBP/2019,2019-10-22,3.8408,0.26
204/A/NBP/2019,2019-10-21,3.8307,-0.51
203/A/NBP/2019,2019-10-18,3.8503,-0.35
202/A/NBP/2019,2019-10-17,3.8638,-0.76
201/A/NBP/2019,2019-10-16,3.8934,-0.05
200/A/NBP/2019,2019-10-15,3.8952,-0.02
199/A/NBP/2019,2019-10-14,3.8958,-0.48
198/A/NBP/2019,2019-10-11,3.9145,-0.21
197/A/NBP/2019,2019-10-10,3.9226,-0.4
196/A/NBP/2019,2019-10-09,3.9382,-0.06
195/A/NBP/2019,2019-10-08,3.9405,-0.24
194/A/NBP/2019,2019-10-07,3.9498,0.07
193/A/NBP/2019,2019-10-04,3.9469,-0.46
192/A/NBP/2019,2019-10-03,3.9652,-1.25
191/A/NBP/2019,2019-10-02,4.0152,0.01
190/A/NBP/2019,2019-10-01,4.0147,0.37
189/A/NBP/2019,2019-09-30,4,-0.38
188/A/NBP/2019,2019-09-27,4.0154,0.15
187/A/NBP/2019,2019-09-26,4.0092,0.59
186/A/NBP/2019,2019-09-25,3.9856,0.05
185/A/NBP/2019,2019-09-24,3.9838,-0.36
184/A/NBP/2019,2019-09-23,3.9983,1.69
183/A/NBP/2019,2019-09-20,3.9319,0.13
182/A/NBP/2019,2019-09-19,3.9267,-0.14
181/A/NBP/2019,2019-09-18,3.9322,-0.23
180/A/NBP/2019,2019-09-17,3.9412,0.76
179/A/NBP/2019,2019-09-16,3.9116,-0.01
178/A/NBP/2019,2019-09-13,3.912,-0.61
177/A/NBP/2019,2019-09-12,3.9362,0.1
176/A/NBP/2019,2019-09-11,3.9324,0.13
175/A/NBP/2019,2019-09-10,3.9273,-0.09
174/A/NBP/2019,2019-09-09,3.931,-0.01
173/A/NBP/2019,2019-09-06,3.9315,-0.04
172/A/NBP/2019,2019-09-05,3.933,-0.21
171/A/NBP/2019,2019-09-04,3.9414,-1.17
170/A/NBP/2019,2019-09-03,3.9882,0.16
169/A/NBP/2019,2019-09-02,3.9819,0.26
168/A/NBP/2019,2019-08-30,3.9717,0.33
167/A/NBP/2019,2019-08-29,3.9586,0.1
166/A/NBP/2019,2019-08-28,3.9548,0.61
165/A/NBP/2019,2019-08-27,3.9309,-0.07
164/A/NBP/2019,2019-08-26,3.9335,-0.09
163/A/NBP/2019,2019-08-23,3.9371,0.09
162/A/NBP/2019,2019-08-22,3.9337,0.32
161/A/NBP/2019,2019-08-21,3.921,-0.5
160/A/NBP/2019,2019-08-20,3.9408,0.53
159/A/NBP/2019,2019-08-19,3.9199,-0.21
158/A/NBP/2019,2019-08-16,3.9281,1.01
157/A/NBP/2019,2019-08-14,3.889,0.45
156/A/NBP/2019,2019-08-13,3.8714,0.01
155/A/NBP/2019,2019-08-12,3.8711,0.25
154/A/NBP/2019,2019-08-09,3.8613,0.19
153/A/NBP/2019,2019-08-08,3.8538,-0.15
152/A/NBP/2019,2019-08-07,3.8597,0.3
151/A/NBP/2019,2019-08-06,3.8482,-0.66
150/A/NBP/2019,2019-08-05,3.8739,-0.23
149/A/NBP/2019,2019-08-02,3.8829,-0.08
148/A/NBP/2019,2019-08-01,3.886,0.92
147/A/NBP/2019,2019-07-31,3.8504,0.03
146/A/NBP/2019,2019-07-30,3.8493,0.1
145/A/NBP/2019,2019-07-29,3.8453,0.41
144/A/NBP/2019,2019-07-26,3.8296,0.25
143/A/NBP/2019,2019-07-25,3.8199,-0.08
142/A/NBP/2019,2019-07-24,3.8229,0.61
141/A/NBP/2019,2019-07-23,3.7997,0.34
140/A/NBP/2019,2019-07-22,3.7869,0.04
139/A/NBP/2019,2019-07-19,3.7855,-0.21
138/A/NBP/2019,2019-07-18,3.7933,-0.28
137/A/NBP/2019,2019-07-17,3.8038,0.45
136/A/NBP/2019,2019-07-16,3.7867,0.03
135/A/NBP/2019,2019-07-15,3.7856,-0.09
134/A/NBP/2019,2019-07-12,3.7889,0.08
133/A/NBP/2019,2019-07-11,3.7859,-0.54
132/A/NBP/2019,2019-07-10,3.8066,-0.02
131/A/NBP/2019,2019-07-09,3.8074,0.57
130/A/NBP/2019,2019-07-08,3.7857,0.45
129/A/NBP/2019,2019-07-05,3.7689,0.19
128/A/NBP/2019,2019-07-04,3.7618,0.06
127/A/NBP/2019,2019-07-03,3.7596,0.01
126/A/NBP/2019,2019-07-02,3.7593,0.44
125/A/NBP/2019,2019-07-01,3.743,0.25
124/A/NBP/2019,2019-06-28,3.7336,-0.24
123/A/NBP/2019,2019-06-27,3.7426,-0.3
122/A/NBP/2019,2019-06-26,3.754,0.44
121/A/NBP/2019,2019-06-25,3.7376,0.04
120/A/NBP/2019,2019-06-24,3.736,-0.91
119/A/NBP/2019,2019-06-21,3.7705,-1.05
118/A/NBP/2019,2019-06-19,3.8104,0.02
117/A/NBP/2019,2019-06-18,3.8097,0.28
116/A/NBP/2019,2019-06-17,3.7989,0.69
115/A/NBP/2019,2019-06-14,3.7727,-0.02
114/A/NBP/2019,2019-06-13,3.7736,0.28
113/A/NBP/2019,2019-06-12,3.763,-0.24
112/A/NBP/2019,2019-06-11,3.7722,-0.06
111/A/NBP/2019,2019-06-10,3.7745,-0.56
110/A/NBP/2019,2019-06-07,3.7958,-0.28
109/A/NBP/2019,2019-06-06,3.8065,0.36
108/A/NBP/2019,2019-06-05,3.7929,-0.29
107/A/NBP/2019,2019-06-04,3.8041,-0.66
106/A/NBP/2019,2019-06-03,3.8292,-0.54
105/A/NBP/2019,2019-05-31,3.8498,-0.13
104/A/NBP/2019,2019-05-30,3.8548,-0.02
103/A/NBP/2019,2019-05-29,3.8554,0.44
102/A/NBP/2019,2019-05-28,3.8386,0.03
101/A/NBP/2019,2019-05-27,3.8374,-0.16
100/A/NBP/2019,2019-05-24,3.8436,-0.67
99/A/NBP/2019,2019-05-23,3.8696,0.2
98/A/NBP/2019,2019-05-22,3.862,-0.01
97/A/NBP/2019,2019-05-21,3.8625,0.21
96/A/NBP/2019,2019-05-20,3.8543,-0.01
95/A/NBP/2019,2019-05-17,3.8545,0.75
94/A/NBP/2019,2019-05-16,3.8259,-0.51
93/A/NBP/2019,2019-05-15,3.8457,0.35
92/A/NBP/2019,2019-05-14,3.8323,0.01
91/A/NBP/2019,2019-05-13,3.8321,0.21
90/A/NBP/2019,2019-05-10,3.8242,-0.44
89/A/NBP/2019,2019-05-09,3.841,0.22
88/A/NBP/2019,2019-05-08,3.8325,0.12
87/A/NBP/2019,2019-05-07,3.8278,-0.09
86/A/NBP/2019,2019-05-06,3.8313,0.36
85/A/NBP/2019,2019-05-02,3.8177,-0.3
84/A/NBP/2019,2019-04-30,3.8291,-0.46
83/A/NBP/2019,2019-04-29,3.8468,-0.1
82/A/NBP/2019,2019-04-26,3.8508,-0.08
81/A/NBP/2019,2019-04-25,3.8537,0.81
80/A/NBP/2019,2019-04-24,3.8229,0.29
79/A/NBP/2019,2019-04-23,3.8118,0.18
78/A/NBP/2019,2019-04-19,3.8051,0.13
77/A/NBP/2019,2019-04-18,3.8002,0.59
76/A/NBP/2019,2019-04-17,3.7778,-0.06
75/A/NBP/2019,2019-04-16,3.7802,0.03
74/A/NBP/2019,2019-04-15,3.7789,-0.29
73/A/NBP/2019,2019-04-12,3.7899,-0.17
72/A/NBP/2019,2019-04-11,3.7964,-0.16
71/A/NBP/2019,2019-04-10,3.8023,0.05
70/A/NBP/2019,2019-04-09,3.8003,-0.48
69/A/NBP/2019,2019-04-08,3.8188,-0.07
68/A/NBP/2019,2019-04-05,3.8215,0
67/A/NBP/2019,2019-04-04,3.8215,0.06
66/A/NBP/2019,2019-04-03,3.8192,-0.55
65/A/NBP/2019,2019-04-02,3.8403,0.36
64/A/NBP/2019,2019-04-01,3.8267,-0.26
63/A/NBP/2019,2019-03-29,3.8365,0.43
62/A/NBP/2019,2019-03-28,3.8202,0.23
61/A/NBP/2019,2019-03-27,3.8113,0.38
60/A/NBP/2019,2019-03-26,3.7969,0.01
59/A/NBP/2019,2019-03-25,3.7966,0.05
58/A/NBP/2019,2019-03-22,3.7948,0.98
57/A/NBP/2019,2019-03-21,3.7581,-0.49
56/A/NBP/2019,2019-03-20,3.7767,-0.15
55/A/NBP/2019,2019-03-19,3.7823,-0.14
54/A/NBP/2019,2019-03-18,3.7876,-0.36
53/A/NBP/2019,2019-03-15,3.8014,-0.01
52/A/NBP/2019,2019-03-14,3.8018,-0.15
51/A/NBP/2019,2019-03-13,3.8077,-0.1
50/A/NBP/2019,2019-03-12,3.8116,-0.22
49/A/NBP/2019,2019-03-11,3.8199,-0.55
48/A/NBP/2019,2019-03-08,3.8409,0.98
47/A/NBP/2019,2019-03-07,3.8038,0
46/A/NBP/2019,2019-03-06,3.8038,0.16
45/A/NBP/2019,2019-03-05,3.7977,0.22
44/A/NBP/2019,2019-03-04,3.7893,-0.07
43/A/NBP/2019,2019-03-01,3.792,0.18
42/A/NBP/2019,2019-02-28,3.7853,-0.09
41/A/NBP/2019,2019-02-27,3.7886,-0.62
40/A/NBP/2019,2019-02-26,3.8124,-0.31
39/A/NBP/2019,2019-02-25,3.8241,0
38/A/NBP/2019,2019-02-22,3.8242,-0.01
37/A/NBP/2019,2019-02-21,3.8247,0.07
36/A/NBP/2019,2019-02-20,3.8221,-0.23
35/A/NBP/2019,2019-02-19,3.8311,0.07
34/A/NBP/2019,2019-02-18,3.8286,-0.1
33/A/NBP/2019,2019-02-15,3.8326,-0.49
32/A/NBP/2019,2019-02-14,3.8516,0.67
31/A/NBP/2019,2019-02-13,3.8261,-0.31
30/A/NBP/2019,2019-02-12,3.838,0.5
29/A/NBP/2019,2019-02-11,3.819,0.39
28/A/NBP/2019,2019-02-08,3.804,0.32
27/A/NBP/2019,2019-02-07,3.7919,0.56
26/A/NBP/2019,2019-02-06,3.7706,0.44
25/A/NBP/2019,2019-02-05,3.7542,0.36
24/A/NBP/2019,2019-02-04,3.7408,0.44
23/A/NBP/2019,2019-02-01,3.7243,-0.08
22/A/NBP/2019,2019-01-31,3.7271,-0.81
21/A/NBP/2019,2019-01-30,3.7577,0.04
20/A/NBP/2019,2019-01-29,3.7563,-0.08
19/A/NBP/2019,2019-01-28,3.7592,-0.79
18/A/NBP/2019,2019-01-25,3.7893,0.13
17/A/NBP/2019,2019-01-24,3.7844,0.26
16/A/NBP/2019,2019-01-23,3.7747,0.05
15/A/NBP/2019,2019-01-22,3.7727,-0.06
14/A/NBP/2019,2019-01-21,3.7751,0.15
13/A/NBP/2019,2019-01-18,3.7694,0.21
12/A/NBP/2019,2019-01-17,3.7615,-0.01
11/A/NBP/2019,2019-01-16,3.7619,0.21
10/A/NBP/2019,2019-01-15,3.7542,0.22
9/A/NBP/2019,2019-01-14,3.7458,0.45
8/A/NBP/2019,2019-01-11,3.7289,-0.19
7/A/NBP/2019,2019-01-10,3.736,-0.4
6/A/NBP/2019,2019-01-09,3.7509,-0.13
5/A/NBP/2019,2019-01-08,3.7559,-0.04
4/A/NBP/2019,2019-01-07,3.7575,-0.38
3/A/NBP/2019,2019-01-04,3.772,-0.28
2/A/NBP/2019,2019-01-03,3.7827,0.55
1/A/NBP/2019,2019-01-02,3.7619,0
